CustomerID,TotalSpent
14646.0,279489.0199999999
18102.0,256438.48999999996
17450.0,187482.17
14911.0,132572.61999999997
12415.0,123725.45
14156.0,113384.13999999998
17511.0,88125.38
16684.0,65892.08
13694.0,62653.100000000006
15311.0,59419.34
13089.0,57385.87999999999
14096.0,57120.909999999945
15061.0,54228.74000000001
17949.0,52750.84
15769.0,51823.72
16029.0,50992.61000000001
14298.0,50862.43999999999
14088.0,50415.490000000005
17841.0,40340.77999999996
13798.0,36351.42
16422.0,33805.69
12931.0,33462.81
16013.0,33366.24999999999
15838.0,33350.76
17389.0,31300.079999999998
17404.0,30300.819999999996
12748.0,29072.099999999977
13098.0,28658.879999999997
13081.0,27964.479999999996
13408.0,27487.410000000003
14680.0,26932.34
17857.0,26763.340000000004
16333.0,26626.800000000003
13777.0,25748.35
15749.0,21535.9
16210.0,21086.300000000003
12753.0,21024.010000000002
17381.0,20272.43
17675.0,20098.100000000006
15039.0,19786.44
12731.0,18793.41
12471.0,18740.920000000002
15159.0,18573.68
12678.0,17588.260000000002
17428.0,17078.45
13881.0,16989.52
13767.0,16945.710000000003
12921.0,16389.74
12901.0,16293.099999999999
17677.0,16219.220000000001
15856.0,16173.669999999998
15189.0,15802.139999999998
14051.0,15477.34
16839.0,15357.779999999999
14031.0,14634.640000000001
15513.0,14520.080000000004
16133.0,14305.660000000003
14866.0,14197.449999999997
16705.0,13946.130000000001
12681.0,13677.59
12621.0,13612.07
12433.0,13375.869999999999
12540.0,13309.04
12477.0,13117.009999999998
17735.0,13110.019999999999
14258.0,12650.079999999998
15640.0,12433.340000000004
13078.0,12432.28
15498.0,12396.460000000001
16000.0,12393.7
12682.0,12288.219999999998
12557.0,11990.96
16525.0,11895.570000000002
17340.0,11891.18
14606.0,11713.850000000008
12939.0,11581.8
14607.0,11341.1
14194.0,11216.75
15125.0,11117.050000000001
12409.0,11056.93
14895.0,11020.260000000002
12971.0,10930.260000000002
13340.0,10736.480000000001
17581.0,10736.109999999999
13319.0,10664.34
14769.0,10641.599999999999
17139.0,10585.570000000002
13113.0,10510.000000000002
14062.0,10464.849999999999
16779.0,10454.05
17107.0,10380.43
15615.0,10360.039999999997
15251.0,10327.109999999999
16180.0,10217.48
16843.0,10183.820000000002
17865.0,10158.54
17706.0,10097.369999999997
12590.0,9861.380000000003
13199.0,9803.96
13001.0,9797.919999999998
15078.0,9623.349999999999
13458.0,9537.919999999998
14733.0,9451.539999999999
16523.0,9295.669999999998
12709.0,9294.1
14667.0,9231.2
14367.0,9167.820000000003
12744.0,9120.39
12567.0,9114.939999999999
18092.0,9065.76
13969.0,8986.69
12451.0,8933.519999999999
13488.0,8910.61
16033.0,8727.610000000002
13090.0,8689.39
17243.0,8628.55
17306.0,8600.73
17017.0,8574.109999999999
16656.0,8568.24
18139.0,8393.219999999996
16558.0,8257.039999999999
15358.0,8234.8
12683.0,8221.09
14056.0,8124.4000000000015
14936.0,8117.42
16672.0,8093.59
13854.0,8025.0199999999995
18109.0,7925.320000000002
14952.0,7912.790000000001
14849.0,7904.28
12428.0,7877.199999999999
14796.0,7839.509999999999
12435.0,7829.889999999999
15290.0,7803.77
13629.0,7792.360000000001
13093.0,7741.470000000001
14527.0,7711.380000000001
17811.0,7677.710000000001
15044.0,7629.380000000002
15194.0,7521.17
18172.0,7490.17
13263.0,7454.0700000000015
17396.0,7330.8
18229.0,7276.9000000000015
13018.0,7272.75
12583.0,7187.340000000001
16745.0,7170.7
12474.0,7116.469999999999
12980.0,7092.0599999999995
16729.0,7076.279999999999
13324.0,7072.800000000001
16873.0,7066.31
13985.0,7024.529999999999
14961.0,7006.579999999999
12766.0,6989.629999999999
12798.0,6977.039999999999
15465.0,6945.02
13027.0,6912.0
12989.0,6854.51
16187.0,6841.240000000001
16713.0,6840.229999999997
17416.0,6838.34
12705.0,6814.24
15023.0,6763.16
18055.0,6752.140000000001
16532.0,6748.8
12830.0,6748.4
15601.0,6745.36
13576.0,6703.300000000001
16746.0,6694.31
16353.0,6675.710000000001
16923.0,6666.829999999998
15249.0,6657.360000000001
16652.0,6654.26
16182.0,6617.65
17338.0,6612.180000000001
15482.0,6568.719999999999
12476.0,6546.579999999998
15144.0,6530.039999999999
16814.0,6500.5999999999985
15694.0,6423.6
12431.0,6416.389999999999
13871.0,6389.8
12626.0,6388.3499999999985
13102.0,6336.29
18223.0,6315.2300000000005
16126.0,6287.77
13709.0,6249.11
12359.0,6245.53
12472.0,6229.48
13668.0,6216.0700000000015
12357.0,6207.669999999996
17315.0,6204.460000000001
15005.0,6180.489999999999
14057.0,6147.400000000001
14060.0,6135.38
15939.0,6102.260000000001
17509.0,6100.740000000002
13225.0,6083.040000000001
14101.0,5976.789999999999
12637.0,5953.250000000002
15382.0,5927.859999999999
13097.0,5893.320000000002
13418.0,5845.44
14944.0,5842.95
13209.0,5820.16
14505.0,5818.700000000001
13316.0,5815.49
14415.0,5811.56
14735.0,5807.6900000000005
15218.0,5756.89
17686.0,5739.46
13178.0,5725.469999999999
12720.0,5713.28
13050.0,5684.610000000001
14110.0,5669.65
16553.0,5664.570000000001
13468.0,5656.75
14049.0,5639.15
13004.0,5613.43
13534.0,5613.079999999999
18118.0,5595.77
17049.0,5594.780000000001
12481.0,5590.859999999999
17757.0,5585.49
12839.0,5583.619999999999
16767.0,5580.600000000001
15502.0,5541.460000000003
17716.0,5505.790000000001
16985.0,5461.62
15805.0,5452.17
16609.0,5450.959999999999
16265.0,5423.15
12490.0,5417.930000000001
17719.0,5367.800000000001
18225.0,5361.02
16161.0,5352.970000000001
13269.0,5315.92
16303.0,5305.830000000002
15150.0,5303.970000000001
17730.0,5288.829999999999
17850.0,5288.630000000009
16258.0,5203.509999999999
18226.0,5192.099999999999
15727.0,5178.96
17858.0,5155.66
12362.0,5154.58
16701.0,5150.27
13756.0,5145.12
15903.0,5126.340000000001
17061.0,5116.13
14688.0,5107.379999999999
18198.0,5083.06
15046.0,5064.01
12432.0,5059.320000000001
13139.0,5055.79
17602.0,5050.769999999999
15719.0,5043.959999999999
16700.0,5040.0
13599.0,5030.6
15301.0,5028.12
17426.0,5022.259999999999
12444.0,5005.46
14755.0,4965.38
15547.0,4954.839999999999
14329.0,4928.74
16191.0,4913.320000000001
13941.0,4912.41
14709.0,4911.14
12437.0,4896.660000000001
17133.0,4892.240000000001
12688.0,4873.810000000005
12700.0,4867.989999999998
12664.0,4863.88
15786.0,4834.2000000000035
14292.0,4819.33
17365.0,4801.56
15738.0,4788.77
13013.0,4786.990000000002
15555.0,4758.200000000001
17690.0,4748.45
17652.0,4737.130000000001
12955.0,4734.26
16722.0,4711.21
14562.0,4709.219999999999
12714.0,4708.86
14135.0,4690.3099999999995
15152.0,4684.240000000001
14159.0,4678.3
15187.0,4670.08
14191.0,4660.009999999999
14180.0,4640.77
17809.0,4627.619999999999
14189.0,4604.31
16931.0,4604.22
15291.0,4596.51
14286.0,4595.8099999999995
14390.0,4592.47
14004.0,4582.639999999999
17068.0,4531.34
17613.0,4509.369999999999
12484.0,4495.27
12524.0,4485.72
12627.0,4478.529999999999
15032.0,4464.0999999999985
17364.0,4455.73
14085.0,4435.79
15093.0,4410.139999999999
13267.0,4404.44
17975.0,4393.61
16984.0,4392.419999999997
15955.0,4389.81
16626.0,4379.65
12752.0,4366.779999999999
16945.0,4345.5
15874.0,4330.67
14016.0,4328.46
18251.0,4314.719999999999
12347.0,4310.0
17937.0,4301.22
13505.0,4282.88
15034.0,4277.66
14422.0,4263.639999999999
12712.0,4241.63
14800.0,4236.339999999998
12757.0,4227.7
14525.0,4221.370000000001
12500.0,4206.2699999999995
17920.0,4204.099999999999
17419.0,4200.969999999999
15971.0,4199.85
12747.0,4196.01
18041.0,4161.14
16549.0,4154.64
13555.0,4149.280000000001
12949.0,4143.02
13384.0,4122.28
15570.0,4109.97
12536.0,4106.820000000003
13988.0,4098.8
14534.0,4075.3500000000004
16592.0,4073.2799999999997
12449.0,4067.29
12569.0,4064.99
14092.0,4063.1
16401.0,4061.2400000000007
14401.0,4039.9799999999996
16670.0,4022.460000000001
13815.0,4014.9100000000008
17567.0,4012.5600000000004
12378.0,4008.6200000000013
16186.0,3991.94
17001.0,3989.5699999999997
14547.0,3986.7399999999993
12867.0,3986.2200000000003
12656.0,3982.7200000000003
12957.0,3979.0400000000004
15416.0,3974.369999999999
15529.0,3967.7799999999997
17769.0,3960.63
13183.0,3957.78
14277.0,3957.000000000001
17611.0,3947.8700000000003
12727.0,3947.7000000000007
17377.0,3925.92
14426.0,3918.9
17593.0,3911.5599999999995
13802.0,3906.27
14739.0,3899.1000000000004
17651.0,3886.669999999999
12841.0,3876.399999999999
14291.0,3873.2999999999997
12779.0,3868.6999999999994
12749.0,3868.2000000000003
13124.0,3866.330000000001
13999.0,3865.26
18073.0,3864.4400000000005
15195.0,3861.0
12539.0,3852.499999999999
15804.0,3848.55
16327.0,3844.2199999999993
12662.0,3817.080000000001
17091.0,3802.8100000000004
15867.0,3797.79
16655.0,3794.5200000000004
13435.0,3794.4900000000002
15299.0,3787.09
12562.0,3781.74
15298.0,3774.1000000000004
16168.0,3770.6
18087.0,3770.119999999999
17173.0,3755.6500000000005
13523.0,3755.38
16904.0,3754.27
12429.0,3750.4
17238.0,3744.65
12668.0,3743.18
16145.0,3741.98
14282.0,3729.34
15808.0,3724.770000000001
12502.0,3723.8700000000003
13069.0,3717.8199999999997
13266.0,3717.669999999999
14364.0,3717.35
16240.0,3693.8100000000004
12597.0,3683.1300000000015
12647.0,3669.92
16253.0,3665.620000000001
17819.0,3661.07
12553.0,3652.2500000000005
18079.0,3651.9700000000007
15845.0,3650.8700000000003
16712.0,3645.43
16440.0,3640.67
15379.0,3631.8900000000003
13381.0,3626.81
16570.0,3622.9500000000003
13327.0,3617.57
15296.0,3610.3099999999995
13137.0,3605.0800000000004
16242.0,3598.2599999999993
13082.0,3595.4800000000005
14132.0,3580.129999999999
12417.0,3578.8
17203.0,3563.85
15484.0,3563.1099999999997
13426.0,3550.7
12370.0,3545.6900000000005
14503.0,3543.26
15544.0,3542.51
14040.0,3542.1900000000005
17491.0,3541.92
17528.0,3540.1
13552.0,3539.53
13334.0,3536.8200000000006
17160.0,3518.0299999999993
13953.0,3515.6800000000003
16131.0,3506.54
15505.0,3497.1400000000003
13520.0,3487.75
16458.0,3482.74
14907.0,3478.8500000000004
14395.0,3471.9100000000003
17230.0,3466.6699999999996
13448.0,3465.67
17576.0,3457.78
17758.0,3456.7000000000007
15410.0,3450.84
16019.0,3450.24
13536.0,3448.29
15129.0,3447.4
15113.0,3439.4100000000003
15581.0,3429.9700000000003
15974.0,3429.5499999999997
14221.0,3427.8500000000004
16360.0,3411.6899999999996
13993.0,3409.66
15981.0,3408.4800000000005
13437.0,3408.0600000000004
17669.0,3406.72
13842.0,3385.620000000001
13198.0,3384.0900000000006
15228.0,3376.96
17725.0,3371.13
13014.0,3365.43
16011.0,3362.710000000001
13148.0,3348.4800000000005
13015.0,3346.2799999999997
12643.0,3344.6400000000003
15708.0,3329.72
15676.0,3324.0899999999992
12594.0,3320.2200000000003
16818.0,3317.9699999999993
14227.0,3315.71
16556.0,3313.7899999999995
13373.0,3312.250000000001
14841.0,3295.7599999999998
17183.0,3286.9100000000003
12480.0,3281.6300000000006
12406.0,3280.7500000000005
16717.0,3278.3600000000006
17723.0,3276.4000000000005
14702.0,3250.64
13952.0,3246.091
15764.0,3245.47
17050.0,3228.84
15622.0,3224.5299999999997
13880.0,3219.7699999999995
12613.0,3218.98
12619.0,3214.8099999999995
15443.0,3212.16
16107.0,3204.1600000000003
17220.0,3198.25
13868.0,3192.54
17685.0,3191.5300000000007
13758.0,3190.55
14844.0,3189.8100000000004
14388.0,3172.04
16837.0,3167.73
13268.0,3167.6400000000003
16041.0,3166.4
17863.0,3159.9999999999995
12456.0,3153.8900000000003
14145.0,3148.2
15632.0,3147.31
15065.0,3135.98
17231.0,3127.82
13685.0,3119.4400000000014
14175.0,3108.0600000000004
17672.0,3106.6200000000003
13869.0,3104.9499999999985
13742.0,3102.42
13135.0,3096.0
17059.0,3095.04
14235.0,3093.8599999999997
14099.0,3092.97
15491.0,3090.85
14257.0,3087.2700000000004
16326.0,3085.9599999999996
13362.0,3085.4900000000007
16905.0,3085.4799999999996
15998.0,3084.17
13047.0,3079.1000000000004
12910.0,3075.0400000000004
14565.0,3073.77
18272.0,3064.7800000000007
16218.0,3054.87
16940.0,3049.879999999999
14456.0,3047.6299999999997
16686.0,3043.479999999999
16607.0,3038.6699999999996
16709.0,3029.8700000000003
17799.0,3026.08
16156.0,3024.620000000001
13631.0,3021.77
18094.0,3017.2999999999997
16678.0,3013.83
12598.0,3002.6800000000003
15861.0,3000.3599999999997
12395.0,2998.2799999999997
14307.0,2995.72
12670.0,2986.1499999999996
12916.0,2982.3499999999995
15687.0,2981.5000000000005
15854.0,2974.6499999999996
16497.0,2965.6899999999996
15514.0,2963.1900000000005
17659.0,2954.7499999999995
14639.0,2952.3399999999997
17084.0,2949.7500000000014
14146.0,2949.5700000000006
12754.0,2949.12
16393.0,2941.0499999999997
17444.0,2940.0400000000013
14868.0,2939.64
14032.0,2929.8399999999997
14530.0,2925.91
17512.0,2920.0399999999995
12906.0,2919.8099999999995
13451.0,2916.4500000000007
14543.0,2916.1699999999996
12438.0,2906.85
17924.0,2894.33
18144.0,2888.75
15673.0,2881.0200000000004
14251.0,2879.7000000000007
16633.0,2878.1499999999996
14005.0,2874.7200000000003
13901.0,2867.2000000000007
15628.0,2865.6400000000003
12685.0,2863.08
18145.0,2861.55
14299.0,2855.35
12473.0,2848.23
12408.0,2842.5700000000006
14535.0,2841.0899999999992
14711.0,2838.2
14852.0,2836.69
17596.0,2827.93
13174.0,2817.03
15984.0,2816.9699999999993
12356.0,2811.4300000000003
16081.0,2806.9
14572.0,2803.69
12758.0,2791.59
17739.0,2786.05
16928.0,2781.5000000000005
12388.0,2780.6600000000003
14112.0,2774.17
13769.0,2771.8700000000003
17644.0,2768.98
15356.0,2766.499999999999
13735.0,2766.1800000000003
13230.0,2763.4100000000003
16871.0,2761.4899999999993
15114.0,2760.5599999999995
16764.0,2758.2499999999995
14626.0,2757.0699999999997
15993.0,2756.82
16316.0,2755.5600000000004
12578.0,2753.359999999999
13870.0,2751.25
14854.0,2749.89
17504.0,2745.28
14903.0,2744.4799999999996
17213.0,2741.0800000000004
14125.0,2740.4300000000003
14121.0,2740.2999999999997
16003.0,2735.3700000000003
12380.0,2720.56
18230.0,2716.6
12840.0,2714.2699999999995
13285.0,2709.1199999999994
13654.0,2707.33
13971.0,2702.2199999999993
18097.0,2692.8500000000004
14107.0,2688.48
17386.0,2686.42
14732.0,2686.34
15796.0,2666.61
14713.0,2664.2599999999998
12360.0,2662.06
14439.0,2661.24
17069.0,2655.2200000000003
13851.0,2651.4600000000005
15321.0,2650.7300000000005
15696.0,2644.46
13804.0,2635.79
15671.0,2635.49
17402.0,2633.8500000000004
18077.0,2633.01
13771.0,2631.7
16618.0,2630.6399999999994
12721.0,2628.98
15752.0,2628.9300000000003
17965.0,2622.57
18210.0,2621.38
14262.0,2618.2299999999996
12708.0,2616.32
12625.0,2614.32
12836.0,2612.86
17346.0,2611.579999999999
16255.0,2609.2999999999997
12726.0,2609.1000000000004
16241.0,2607.869999999999
14408.0,2606.5299999999997
13422.0,2601.5500000000006
13644.0,2597.520000000001
16919.0,2596.4499999999994
18260.0,2595.0
15782.0,2593.94
13983.0,2590.46
13895.0,2588.12
13021.0,2584.3999999999996
12520.0,2582.510000000001
12600.0,2581.04
13911.0,2580.9100000000003
15485.0,2575.0
15521.0,2574.6499999999996
17655.0,2571.7400000000002
15033.0,2571.0200000000004
16308.0,2560.0
14397.0,2556.6800000000003
15572.0,2552.86
13136.0,2545.379999999999
13344.0,2543.72
14676.0,2543.2400000000002
14334.0,2539.46
13883.0,2538.75
18075.0,2538.7200000000003
14243.0,2535.8800000000006
13471.0,2531.58
16912.0,2528.6699999999996
17317.0,2524.0200000000004
15245.0,2515.84
17728.0,2515.680000000001
17314.0,2514.7599999999998
17700.0,2508.89
18245.0,2507.5600000000004
17449.0,2504.8599999999997
13695.0,2504.13
13975.0,2503.2300000000005
16477.0,2494.46
14546.0,2487.02
14701.0,2486.2199999999993
15271.0,2485.8199999999997
12913.0,2483.6299999999997
16710.0,2483.04
13507.0,2479.16
12455.0,2466.8599999999997
17164.0,2466.3999999999996
12517.0,2464.8900000000003
17131.0,2463.17
13784.0,2462.79
15932.0,2461.8500000000004
17682.0,2459.33
14315.0,2456.9799999999996
14842.0,2456.8000000000006
14659.0,2456.5300000000007
15750.0,2451.23
14163.0,2445.91
13588.0,2445.12
13949.0,2427.32
14766.0,2423.07
15606.0,2422.6400000000003
13658.0,2421.4700000000007
15089.0,2420.84
16143.0,2419.84
12397.0,2409.8999999999996
17589.0,2404.17
15980.0,2398.8600000000006
13141.0,2385.8
17071.0,2385.4800000000005
17530.0,2384.999999999999
14554.0,2381.04
17722.0,2380.64
18065.0,2380.08
14930.0,2372.8599999999997
13722.0,2369.1600000000008
14493.0,2362.84
17634.0,2361.9700000000007
15370.0,2360.55
14030.0,2360.0899999999997
14440.0,2357.6800000000003
14502.0,2351.019999999998
15140.0,2350.0000000000005
15527.0,2348.82
13908.0,2347.05
18259.0,2338.6000000000004
17434.0,2333.42
12483.0,2327.13
14239.0,2323.5
14309.0,2319.6800000000003
15755.0,2318.8799999999997
13994.0,2313.14
13394.0,2312.7999999999997
17838.0,2312.7000000000003
14290.0,2307.4500000000003
15288.0,2306.52
15785.0,2303.7499999999995
17211.0,2299.6700000000005
15105.0,2298.93
15270.0,2298.2
17954.0,2295.3699999999994
13704.0,2295.31
15704.0,2293.62
12615.0,2291.19
17744.0,2291.0800000000004
17313.0,2288.1299999999997
12684.0,2283.63
17188.0,2275.58
12782.0,2273.3199999999997
17768.0,2273.1800000000003
14466.0,2272.4
16735.0,2269.21
16550.0,2266.25
18257.0,2265.3800000000006
13700.0,2265.12
13527.0,2263.7599999999998
16209.0,2262.62
14432.0,2255.5099999999998
15235.0,2247.51
16771.0,2246.81
16782.0,2242.25
15665.0,2242.0100000000007
15281.0,2239.95
16293.0,2236.74
14700.0,2235.3
18242.0,2232.49
14825.0,2226.9100000000003
12704.0,2220.84
12876.0,2218.0200000000004
17591.0,2215.02
15373.0,2213.11
17442.0,2210.26
12653.0,2209.85
14211.0,2208.3
15797.0,2207.4
13115.0,2205.63
12755.0,2203.2
13831.0,2202.99
13680.0,2202.3099999999995
14226.0,2201.6399999999994
17696.0,2201.0499999999997
15123.0,2199.3099999999995
14776.0,2195.58
16743.0,2191.8399999999997
13365.0,2191.22
13862.0,2187.31
15179.0,2186.2000000000003
15394.0,2183.54
16628.0,2183.0400000000004
15722.0,2181.21
14808.0,2175.3699999999985
14560.0,2174.1800000000003
16076.0,2173.53
15811.0,2171.32
14341.0,2166.38
12856.0,2162.6800000000003
16456.0,2158.37
12935.0,2156.45
13755.0,2154.68
13224.0,2150.850000000001
16966.0,2148.47
17272.0,2144.5299999999997
12633.0,2140.63
16057.0,2140.22
13317.0,2140.0699999999997
14828.0,2139.76
16379.0,2131.9
17400.0,2129.959999999999
12909.0,2128.8300000000004
14360.0,2128.2299999999996
16407.0,2126.9299999999994
15058.0,2124.99
18061.0,2119.4100000000003
13632.0,2117.02
18008.0,2116.19
14691.0,2114.33
14407.0,2111.08
13517.0,2109.07
13265.0,2107.66
18173.0,2106.84
14461.0,2103.0599999999995
14515.0,2102.0900000000006
12560.0,2101.3900000000003
15815.0,2100.6
17191.0,2095.13
18283.0,2094.88
13571.0,2092.3199999999997
13297.0,2089.8500000000004
12501.0,2089.68
14810.0,2087.8800000000006
18044.0,2085.65
16954.0,2085.08
15834.0,2084.8999999999996
18093.0,2083.42
14306.0,2083.4199999999996
14696.0,2070.9700000000003
14482.0,2068.1499999999996
14209.0,2067.13
18231.0,2066.1699999999996
12928.0,2062.7
16281.0,2062.06
17861.0,2059.2000000000007
18241.0,2058.09
12610.0,2057.9900000000002
12518.0,2056.89
13126.0,2056.29
17667.0,2055.51
12948.0,2053.7
17086.0,2050.08
17625.0,2046.9999999999998
17597.0,2044.3700000000003
14232.0,2043.9300000000003
13450.0,2043.7199999999998
14640.0,2042.1499999999999
17090.0,2041.85
17846.0,2033.1
14001.0,2030.33
16409.0,2028.8799999999997
16358.0,2024.9500000000007
14544.0,2024.4500000000003
16875.0,2023.4699999999996
18069.0,2021.82
15341.0,2020.52
18219.0,2019.77
14188.0,2018.91
14506.0,2012.17
15531.0,2007.4400000000003
15372.0,2007.4
16098.0,2005.6299999999999
14730.0,2005.0599999999995
17082.0,2003.85
16754.0,2002.4
13305.0,2000.8600000000001
18188.0,1998.4899999999998
16698.0,1998.0
13630.0,1995.68
17827.0,1995.4600000000005
17612.0,1992.7600000000002
17679.0,1992.1100000000006
17088.0,1991.01
13593.0,1990.2800000000002
13495.0,1990.1200000000001
17940.0,1983.5800000000002
12585.0,1982.81
18204.0,1979.2999999999997
13590.0,1976.12
15493.0,1967.25
14462.0,1965.8999999999999
17790.0,1965.5499999999997
17218.0,1960.7199999999998
16341.0,1959.3800000000003
14498.0,1957.3200000000002
17554.0,1952.4499999999998
14653.0,1947.5499999999997
17337.0,1944.3200000000006
14418.0,1937.25
14472.0,1936.8399999999997
14978.0,1931.4199999999996
14655.0,1930.1500000000003
17406.0,1928.7199999999993
17490.0,1926.8799999999997
14217.0,1925.3599999999997
12528.0,1922.28
13246.0,1922.1
16983.0,1920.2
12674.0,1919.31
12457.0,1917.78
15518.0,1911.8899999999999
14285.0,1910.0100000000002
14409.0,1908.25
16426.0,1908.25
17228.0,1906.0899999999995
16150.0,1906.0700000000002
15819.0,1905.4499999999998
14250.0,1904.0500000000006
16938.0,1903.130000000002
14210.0,1900.8899999999999
12762.0,1898.5200000000007
16942.0,1894.11
12584.0,1893.9500000000003
17870.0,1889.4
14934.0,1888.8400000000006
12371.0,1887.9600000000003
15641.0,1887.2000000000003
12853.0,1881.7
17463.0,1881.36
16170.0,1880.4199999999998
16128.0,1880.22
17293.0,1875.11
16986.0,1873.2
15021.0,1872.2799999999997
15157.0,1869.5000000000002
15367.0,1867.6899999999996
14524.0,1867.6799999999998
17787.0,1865.19
17738.0,1863.3499999999995
15351.0,1862.1399999999999
14887.0,1862.0
13982.0,1861.11
13890.0,1860.8600000000001
17422.0,1853.13
12423.0,1849.1100000000004
13421.0,1848.98
18180.0,1843.75
17469.0,1843.0600000000002
12950.0,1843.0
15814.0,1842.73
17015.0,1842.56
16102.0,1842.14
16455.0,1841.1799999999996
12963.0,1841.03
12383.0,1839.31
14216.0,1839.2999999999997
17519.0,1839.0700000000002
14459.0,1837.9199999999996
18287.0,1837.28
16152.0,1829.04
15203.0,1827.8000000000002
18122.0,1826.21
16153.0,1824.23
16169.0,1822.9700000000003
16201.0,1821.52
14533.0,1812.6200000000001
16474.0,1811.47
13725.0,1809.8099999999997
13650.0,1809.34
16979.0,1809.0499999999997
13048.0,1805.91
12381.0,1803.96
14305.0,1803.7600000000002
15812.0,1801.1400000000003
16249.0,1800.0700000000002
13562.0,1799.33
13196.0,1797.7800000000004
17750.0,1797.5700000000004
12348.0,1797.24
18235.0,1796.4800000000002
18179.0,1793.17
17648.0,1789.5499999999997
17663.0,1788.27
13875.0,1786.79
13510.0,1785.16
14608.0,1785.15
14935.0,1784.7099999999998
17629.0,1784.12
17705.0,1781.12
15260.0,1780.77
16380.0,1780.5900000000001
14215.0,1777.92
17092.0,1777.78
13481.0,1776.8100000000004
16841.0,1774.6200000000001
16719.0,1773.92
14387.0,1770.56
16681.0,1770.3400000000001
15864.0,1769.78
15594.0,1767.5299999999995
14621.0,1765.7599999999998
16751.0,1764.7199999999998
17873.0,1764.3600000000001
12424.0,1760.9599999999998
12823.0,1759.5
15220.0,1758.92
12349.0,1757.55
12645.0,1755.3799999999999
13808.0,1747.6599999999999
12523.0,1745.5700000000002
15067.0,1744.7599999999998
15674.0,1744.02
13134.0,1740.63
14595.0,1740.6000000000001
17930.0,1740.4799999999998
17353.0,1740.0
17754.0,1739.92
15241.0,1738.5899999999997
13456.0,1737.8200000000002
17457.0,1737.7
14673.0,1736.4
17043.0,1735.1799999999998
15050.0,1727.1700000000003
13157.0,1721.57
17702.0,1719.7199999999998
15267.0,1717.36
17813.0,1714.6000000000013
12405.0,1710.3900000000006
13094.0,1708.8600000000001
15947.0,1708.2400000000002
12407.0,1708.12
17162.0,1707.2100000000003
16902.0,1706.88
16791.0,1706.2799999999993
15950.0,1705.2599999999998
17282.0,1703.4099999999999
16007.0,1701.9400000000005
13824.0,1698.9399999999996
14834.0,1698.35
16775.0,1695.6599999999999
12764.0,1693.8800000000003
16813.0,1692.9799999999996
16671.0,1692.27
13763.0,1689.4599999999998
12635.0,1689.1799999999994
15240.0,1685.5700000000002
15380.0,1682.3600000000001
13924.0,1682.08
12843.0,1680.7599999999998
17147.0,1679.64
14245.0,1677.4799999999998
16638.0,1676.47
13149.0,1676.06
17656.0,1674.69
17193.0,1674.46
13647.0,1670.22
16115.0,1667.97
12912.0,1662.3000000000002
15214.0,1661.44
15024.0,1661.33
15332.0,1661.06
14045.0,1659.75
13577.0,1658.3
15549.0,1655.7599999999998
16711.0,1651.03
15826.0,1649.36
17451.0,1648.9499999999998
13184.0,1648.79
13750.0,1647.2600000000002
13162.0,1644.9899999999998
15002.0,1641.7600000000002
17284.0,1641.6800000000003
15827.0,1641.4799999999998
14837.0,1641.1999999999998
12398.0,1635.6599999999999
15953.0,1634.5299999999997
14164.0,1631.7700000000002
16398.0,1631.15
12377.0,1628.1199999999997
16515.0,1627.1299999999997
14759.0,1625.97
16987.0,1625.05
13425.0,1624.2099999999996
15172.0,1624.0500000000002
13627.0,1624.02
12530.0,1623.63
17673.0,1622.22
17101.0,1621.73
14178.0,1620.9299999999998
14937.0,1617.63
14336.0,1614.9099999999999
18161.0,1612.7900000000002
15122.0,1612.13
14312.0,1611.5900000000001
13614.0,1610.46
14918.0,1610.15
12669.0,1607.7300000000005
12868.0,1607.06
15791.0,1604.4400000000003
12783.0,1603.87
14573.0,1603.7199999999996
16466.0,1603.4599999999998
16992.0,1601.8600000000001
17828.0,1599.9700000000003
14587.0,1598.2400000000002
14719.0,1592.1799999999996
14970.0,1592.06
13850.0,1586.8099999999995
16332.0,1583.2
12393.0,1582.6000000000001
16889.0,1578.67
13634.0,1575.1599999999996
18178.0,1573.4100000000003
15611.0,1568.3900000000003
15111.0,1567.48
16496.0,1562.2199999999998
13814.0,1562.12
18239.0,1561.6100000000001
17837.0,1560.5299999999997
16676.0,1558.7200000000003
13313.0,1555.32
17085.0,1555.05
14038.0,1554.48
16369.0,1553.66
15660.0,1552.0100000000002
13659.0,1550.85
15117.0,1550.1299999999997
12865.0,1548.0699999999995
14704.0,1546.91
12352.0,1545.4100000000003
14441.0,1545.14
14442.0,1544.6200000000001
15701.0,1542.1400000000003
16365.0,1540.42
13186.0,1539.6899999999998
13397.0,1539.18
13849.0,1537.9499999999998
12877.0,1535.77
17159.0,1534.7300000000002
16283.0,1531.5099999999998
12759.0,1531.44
14321.0,1530.7500000000002
14567.0,1524.46
15620.0,1524.3999999999996
13107.0,1524.07
16244.0,1522.7499999999995
16434.0,1522.25
16066.0,1521.87
15906.0,1521.7900000000004
13764.0,1521.76
16790.0,1520.1199999999994
16880.0,1519.08
13213.0,1518.4300000000003
12818.0,1517.8799999999999
15532.0,1517.0799999999997
16748.0,1515.9
15392.0,1515.73
16053.0,1511.9499999999996
17997.0,1511.3000000000002
16910.0,1510.0599999999995
15265.0,1506.12
15625.0,1504.56
12937.0,1504.2699999999995
17152.0,1503.5
15530.0,1502.35
16762.0,1501.3799999999999
17571.0,1498.5100000000002
16279.0,1496.6799999999998
13320.0,1491.6999999999998
15916.0,1491.2399999999998
15057.0,1489.5
14963.0,1487.8
17002.0,1487.7800000000002
17553.0,1487.6
16395.0,1486.9000000000003
14878.0,1485.54
14414.0,1485.13
16755.0,1484.63
14758.0,1484.0600000000002
18016.0,1483.56
16016.0,1483.31
15427.0,1483.1399999999999
17590.0,1479.2199999999996
15983.0,1475.0200000000004
14246.0,1474.0599999999997
16348.0,1469.4499999999998
12826.0,1468.12
13692.0,1466.8700000000003
15473.0,1465.2
12882.0,1463.04
14541.0,1461.6499999999999
16359.0,1460.3700000000001
16059.0,1459.86
13309.0,1456.79
13110.0,1452.87
15987.0,1451.28
14229.0,1450.6
14875.0,1448.7199999999998
14233.0,1447.5100000000002
14591.0,1447.1400000000003
16817.0,1446.9499999999998
17073.0,1446.0899999999997
13461.0,1445.0
13477.0,1441.5300000000002
15478.0,1441.42
15858.0,1438.8500000000001
14404.0,1434.72
13717.0,1432.26
14566.0,1432.0
13475.0,1431.7799999999997
17175.0,1430.94
15426.0,1429.8999999999996
16103.0,1429.64
14035.0,1428.0200000000004
16996.0,1427.46
14403.0,1426.31
16271.0,1423.2900000000002
14740.0,1423.21
17063.0,1421.59
16503.0,1421.4299999999998
17288.0,1419.73
15128.0,1419.54
15444.0,1418.26
18116.0,1418.0299999999997
14649.0,1417.2899999999997
16012.0,1415.29
14901.0,1414.99
17004.0,1412.9399999999996
15237.0,1412.3200000000004
16394.0,1412.0600000000002
15106.0,1407.73
12947.0,1407.29
16173.0,1406.5700000000002
17083.0,1405.7799999999997
14443.0,1400.8799999999999
14741.0,1400.34
14019.0,1398.96
18202.0,1396.9899999999998
17856.0,1393.79
17354.0,1393.06
15051.0,1391.6100000000001
13414.0,1390.5
13516.0,1389.4099999999999
16539.0,1388.81
15453.0,1388.37
15134.0,1387.9900000000002
17311.0,1384.85
15898.0,1384.6800000000003
13572.0,1384.25
16463.0,1383.7
13995.0,1383.49
17676.0,1383.2699999999998
12952.0,1382.84
14116.0,1382.7400000000002
16726.0,1382.02
13159.0,1379.75
14113.0,1377.92
15569.0,1375.7099999999998
14434.0,1372.8
16669.0,1370.8699999999994
14507.0,1368.1800000000003
13308.0,1367.6100000000001
14897.0,1366.38
15095.0,1364.6999999999998
16389.0,1362.27
13232.0,1357.6000000000004
18167.0,1355.51
17054.0,1353.83
13813.0,1353.41
17204.0,1352.91
15116.0,1352.75
16245.0,1352.3600000000001
14859.0,1352.0399999999997
16079.0,1351.9999999999998
12770.0,1351.4499999999998
12775.0,1351.24
12886.0,1351.0900000000001
17368.0,1349.5200000000002
12646.0,1346.9699999999998
15411.0,1346.3799999999999
14154.0,1345.6200000000003
15596.0,1343.3400000000001
17372.0,1342.6800000000003
16317.0,1341.65
16045.0,1340.7
13743.0,1340.1499999999999
15398.0,1339.63
15734.0,1339.4500000000003
12620.0,1339.4099999999999
16110.0,1337.48
17621.0,1336.1000000000001
15680.0,1333.6799999999998
17932.0,1331.5699999999997
12676.0,1331.39
15365.0,1330.4499999999998
16493.0,1329.6599999999999
16295.0,1328.5499999999997
15059.0,1325.82
13396.0,1325.2899999999997
16370.0,1320.5599999999995
15563.0,1319.69
16083.0,1317.6200000000001
12526.0,1316.6599999999999
14921.0,1316.0700000000002
14102.0,1314.73
16464.0,1314.6799999999998
14973.0,1314.45
18177.0,1314.17
15146.0,1313.6600000000005
16040.0,1313.55
12364.0,1313.1
12516.0,1312.06
14748.0,1311.79
13012.0,1311.6200000000001
14856.0,1311.38
13501.0,1310.4699999999998
13168.0,1310.1399999999999
13328.0,1308.48
14477.0,1307.81
14071.0,1307.4099999999994
12576.0,1306.98
16744.0,1304.7599999999998
17919.0,1304.04
15813.0,1303.91
12463.0,1303.63
12919.0,1301.44
15494.0,1299.2300000000005
12488.0,1298.66
12372.0,1298.04
17961.0,1296.4400000000003
16929.0,1295.3899999999999
16224.0,1295.3
16120.0,1294.14
15108.0,1291.75
14047.0,1290.0100000000002
14738.0,1289.94
12854.0,1289.1499999999999
16571.0,1285.22
17671.0,1284.08
14297.0,1284.06
15136.0,1282.4500000000003
16899.0,1281.56
13878.0,1281.53
13538.0,1280.85
14267.0,1279.09
16692.0,1276.0
17019.0,1272.6100000000001
12394.0,1272.48
14794.0,1272.1100000000001
12630.0,1270.88
14669.0,1269.9899999999998
13492.0,1269.8399999999997
13431.0,1269.1
15199.0,1268.7
14511.0,1267.4099999999999
17158.0,1266.97
13989.0,1266.08
14916.0,1264.84
16951.0,1262.750000000001
15009.0,1261.7799999999997
16688.0,1260.8600000000001
16842.0,1260.44
14105.0,1260.3300000000002
15497.0,1259.7
17388.0,1259.5600000000002
14665.0,1258.3800000000003
17412.0,1258.06
12507.0,1258.06
17350.0,1256.1899999999998
13848.0,1255.0
17262.0,1253.3600000000001
17037.0,1253.2199999999996
17802.0,1251.8400000000004
14698.0,1250.7599999999998
13151.0,1250.3700000000003
17481.0,1249.3400000000001
14383.0,1247.69
12689.0,1247.6100000000004
13029.0,1247.5
15004.0,1246.3199999999995
16101.0,1245.9599999999998
16531.0,1244.59
17633.0,1242.34
17588.0,1240.2
13860.0,1240.0
14893.0,1237.8500000000004
14684.0,1236.2800000000002
15376.0,1233.3600000000001
15910.0,1232.18
18080.0,1231.5
13931.0,1230.9300000000005
14428.0,1230.1399999999999
14898.0,1228.32
14913.0,1227.43
17584.0,1227.3
12412.0,1226.88
15227.0,1219.3999999999999
13491.0,1215.8200000000002
12985.0,1215.62
17774.0,1215.46
17410.0,1214.72
13918.0,1212.84
12464.0,1212.0500000000002
18263.0,1211.0800000000002
15841.0,1209.1
18171.0,1208.51
13208.0,1205.9
13055.0,1201.9599999999996
16794.0,1201.51
16800.0,1201.4900000000002
13158.0,1201.06
17320.0,1200.62
17800.0,1199.01
15605.0,1198.23
12997.0,1197.9399999999998
13211.0,1197.42
17720.0,1195.9399999999998
12967.0,1194.75
15145.0,1194.7299999999998
12611.0,1193.32
14064.0,1188.32
16612.0,1187.66
13752.0,1186.28
14487.0,1183.5800000000002
15630.0,1180.4
17058.0,1179.89
16950.0,1178.56
17653.0,1175.88
12640.0,1174.58
15306.0,1174.35
16639.0,1169.3799999999997
12358.0,1168.06
14745.0,1167.1599999999999
16653.0,1166.92
14857.0,1165.6499999999999
14737.0,1164.55
14261.0,1163.4499999999998
14447.0,1163.23
16949.0,1161.2700000000002
17348.0,1159.5200000000002
15621.0,1158.77
14723.0,1158.2999999999993
12885.0,1158.27
13611.0,1158.1999999999998
13744.0,1156.3600000000001
16184.0,1155.5400000000002
16062.0,1153.6200000000001
12657.0,1152.06
16042.0,1147.37
13499.0,1146.96
17505.0,1145.8400000000001
16766.0,1145.6
15810.0,1145.4299999999998
12769.0,1143.6000000000001
17770.0,1143.2699999999998
12546.0,1141.5
18125.0,1141.3399999999997
16270.0,1141.2399999999996
13330.0,1140.93
13819.0,1140.35
15088.0,1140.27
16172.0,1140.21
17135.0,1139.73
12494.0,1139.3500000000001
17500.0,1138.0
13500.0,1136.77
17242.0,1135.04
18168.0,1133.64
16989.0,1133.25
17585.0,1133.07
13772.0,1132.1299999999999
15500.0,1131.5600000000002
13882.0,1131.28
12710.0,1130.5700000000002
14824.0,1127.71
12609.0,1126.85
17470.0,1125.07
13118.0,1125.0
16637.0,1124.59
12462.0,1124.01
14129.0,1123.86
15436.0,1122.5299999999997
13486.0,1122.41
16807.0,1121.59
15737.0,1121.21
17302.0,1119.93
17894.0,1119.81
13064.0,1119.4899999999998
16086.0,1119.3100000000002
12842.0,1118.99
15716.0,1118.81
17788.0,1117.9
13591.0,1117.1299999999997
14971.0,1116.5699999999993
13610.0,1115.43
16049.0,1111.789999999999
14161.0,1110.52
14817.0,1110.3400000000001
15069.0,1109.5300000000007
12399.0,1108.6500000000003
15730.0,1108.38
15933.0,1107.4599999999998
17562.0,1107.38
16833.0,1106.53
12857.0,1106.4
13447.0,1104.23
17609.0,1103.9199999999996
17047.0,1100.9
16350.0,1100.4699999999998
15978.0,1098.7800000000002
13104.0,1098.48
17966.0,1098.43
14708.0,1096.67
16225.0,1096.32
13652.0,1095.08
15608.0,1093.68
13521.0,1093.6500000000003
13476.0,1092.77
15489.0,1090.0299999999997
12534.0,1089.18
14744.0,1088.53
17095.0,1088.1999999999996
18189.0,1084.34
13467.0,1083.7099999999998
13310.0,1083.63
15602.0,1083.6299999999999
14561.0,1080.7599999999998
16200.0,1080.62
13726.0,1079.6599999999999
12354.0,1079.4
16980.0,1078.9600000000003
14352.0,1078.96
16563.0,1077.74
15712.0,1072.36
15745.0,1071.24
13635.0,1071.0300000000002
17522.0,1070.7100000000003
13761.0,1070.65
14212.0,1070.48
14948.0,1066.5700000000002
17041.0,1065.77
17277.0,1065.3500000000001
17287.0,1064.11
12815.0,1063.4599999999998
14411.0,1063.0
16214.0,1062.75
12679.0,1058.67
14465.0,1058.62
14419.0,1058.0600000000002
13853.0,1056.94
15238.0,1056.54
15407.0,1056.4399999999998
14514.0,1055.35
15977.0,1054.73
16728.0,1054.67
13715.0,1053.9399999999996
12716.0,1053.4899999999996
14583.0,1052.55
15027.0,1051.9499999999998
12849.0,1050.8899999999999
14224.0,1050.12
14078.0,1049.37
15464.0,1048.8500000000004
15763.0,1048.67
13282.0,1047.84
13791.0,1047.6799999999998
14488.0,1047.4300000000003
14293.0,1046.5599999999997
18130.0,1045.7399999999998
15996.0,1044.78
17042.0,1044.3799999999999
15192.0,1044.32
16918.0,1043.3400000000001
12497.0,1043.1
17727.0,1042.55
15801.0,1042.1899999999996
12951.0,1042.0700000000002
16094.0,1041.83
13719.0,1041.68
14446.0,1039.58
13131.0,1039.3
16320.0,1038.4600000000003
16175.0,1037.59
15985.0,1037.42
16520.0,1036.6199999999997
12691.0,1035.8
16260.0,1035.45
15171.0,1034.5
13639.0,1033.3400000000001
18221.0,1033.31
12599.0,1032.58
12724.0,1031.4100000000003
13253.0,1030.4
17033.0,1030.1399999999999
14584.0,1029.2599999999995
15333.0,1028.56
16682.0,1027.9999999999998
16416.0,1026.9899999999998
16533.0,1026.9399999999998
13956.0,1026.42
14904.0,1025.44
15777.0,1021.6099999999999
14346.0,1021.5800000000002
13165.0,1021.4799999999999
15839.0,1020.7400000000002
13376.0,1019.76
14276.0,1019.3899999999999
12828.0,1018.71
14083.0,1018.43
12514.0,1017.6800000000002
13728.0,1016.14
13867.0,1015.29
18142.0,1014.8999999999999
12642.0,1013.26
12739.0,1013.0400000000001
17197.0,1013.01
12936.0,1012.9000000000002
14775.0,1011.9000000000001
16229.0,1010.5999999999998
16174.0,1009.55
16160.0,1009.4500000000002
13455.0,1007.3499999999999
14631.0,1006.98
13429.0,1006.8
15329.0,1005.5000000000002
12572.0,1004.7200000000003
15104.0,1002.5399999999998
12446.0,1002.3099999999998
15706.0,1001.8100000000001
12545.0,1000.39
15508.0,1000.27
14214.0,1000.23
18143.0,1000.1599999999997
14389.0,999.7200000000001
16572.0,999.6999999999999
15434.0,997.4799999999999
13032.0,996.52
14540.0,996.26
17646.0,995.6600000000001
17724.0,995.6500000000001
17594.0,993.1800000000001
16009.0,992.7099999999998
17096.0,992.6800000000001
13363.0,992.5
17126.0,991.8499999999997
17951.0,990.8400000000001
17324.0,990.23
13410.0,988.91
15062.0,987.8599999999999
18237.0,987.0999999999999
13117.0,984.9099999999999
17144.0,984.5699999999999
17214.0,984.1200000000001
16232.0,983.23
12510.0,982.57
15133.0,982.4200000000001
14138.0,982.3800000000002
15071.0,982.0699999999998
16188.0,981.86
16907.0,981.65
16085.0,981.5100000000001
12541.0,981.1799999999998
12717.0,980.98
18170.0,980.3099999999998
13509.0,979.72
15506.0,979.2599999999999
15132.0,977.9300000000001
14920.0,977.77
16376.0,977.5200000000004
15860.0,977.21
14223.0,975.23
14522.0,974.54
15747.0,974.0400000000002
13155.0,971.7599999999998
17100.0,971.74
17618.0,971.5799999999999
15449.0,971.22
15110.0,970.25
15907.0,967.4499999999998
17405.0,967.2200000000001
12550.0,964.8299999999994
14931.0,964.6800000000001
14195.0,962.6999999999999
13138.0,962.3900000000001
14006.0,962.1899999999999
15156.0,961.4899999999999
16419.0,959.48
15658.0,958.9000000000001
18192.0,957.9699999999999
13823.0,957.66
15948.0,955.24
17244.0,954.8999999999997
15835.0,954.0899999999999
16934.0,950.93
15421.0,950.36
16511.0,950.26
15793.0,948.96
13748.0,948.2499999999999
15787.0,948.0499999999995
12458.0,947.4000000000001
15681.0,946.3599999999999
15707.0,945.5799999999999
13261.0,944.1
12820.0,942.34
14075.0,942.26
13636.0,941.6200000000001
15576.0,940.6700000000002
17227.0,939.3199999999999
14629.0,939.2099999999996
12697.0,939.0200000000001
17097.0,937.9199999999998
17289.0,936.16
13026.0,936.1500000000001
15289.0,935.0999999999999
14256.0,935.06
16657.0,933.6200000000001
13655.0,932.97
14532.0,932.8499999999999
12924.0,929.95
15201.0,927.8400000000001
13805.0,924.5999999999999
15654.0,922.5300000000002
13122.0,922.3900000000002
16551.0,922.1200000000001
13934.0,922.0999999999997
15312.0,921.1000000000001
17018.0,920.1
14140.0,920.0499999999998
13075.0,919.61
12822.0,918.9799999999998
14015.0,917.34
14712.0,917.07
17236.0,916.1299999999999
13549.0,916.12
15253.0,915.3000000000001
16216.0,914.9300000000002
12652.0,914.5299999999997
15587.0,913.6800000000001
15364.0,913.1900000000002
16809.0,912.7400000000002
13782.0,912.0
13192.0,911.94
16714.0,911.5299999999993
14289.0,911.26
18096.0,911.1499999999996
13350.0,910.7199999999998
13689.0,910.0
17552.0,909.96
15511.0,909.23
17323.0,908.99
13038.0,908.46
16584.0,908.0300000000002
14449.0,907.0999999999998
15480.0,905.5
15022.0,905.0399999999998
14081.0,904.6699999999997
12722.0,904.3299999999999
15807.0,903.8999999999999
12994.0,902.22
17566.0,901.2099999999998
17848.0,901.1999999999999
17886.0,899.61
13810.0,899.51
17537.0,897.6200000000003
17044.0,897.43
16361.0,896.6600000000001
18194.0,895.9999999999999
15865.0,895.1299999999999
15211.0,894.4100000000001
15079.0,893.6600000000002
12772.0,892.4700000000004
13515.0,891.1200000000001
15255.0,890.8499999999999
14240.0,890.3400000000003
14344.0,889.9300000000001
17829.0,889.24
17527.0,888.8599999999999
16347.0,887.6500000000001
13035.0,886.6299999999999
15822.0,885.47
17704.0,885.19
15799.0,884.1400000000001
14597.0,883.1500000000002
14359.0,882.58
18236.0,882.24
13037.0,881.0699999999999
15076.0,880.8500000000004
13662.0,879.0800000000002
14141.0,879.0300000000001
17731.0,878.1999999999999
15653.0,877.4399999999999
17007.0,877.4300000000001
14770.0,876.4200000000001
12940.0,876.29
13566.0,874.7099999999999
16513.0,874.5900000000001
13294.0,873.74
12847.0,871.5399999999998
13200.0,870.0900000000001
13979.0,869.8700000000001
17109.0,869.68
12694.0,869.6699999999998
13203.0,869.46
14623.0,869.35
16801.0,867.8300000000005
15208.0,867.62
14715.0,867.3799999999999
16121.0,867.1099999999999
14332.0,866.31
16567.0,865.5999999999999
16221.0,864.86
17048.0,864.32
12680.0,862.8099999999998
16266.0,861.8899999999999
17649.0,861.74
12794.0,860.4100000000001
13339.0,860.1200000000002
14577.0,859.7099999999999
17064.0,859.35
14553.0,859.2699999999999
16235.0,858.4100000000001
16037.0,855.0200000000001
17560.0,854.9499999999999
16877.0,853.7200000000001
14193.0,853.3899999999999
16070.0,852.1499999999999
16027.0,852.12
16020.0,851.0100000000001
13991.0,850.63
12379.0,850.29
17027.0,848.5899999999998
12713.0,848.5499999999998
14625.0,848.48
13846.0,847.6100000000001
13221.0,847.4100000000002
16222.0,846.7200000000007
15965.0,845.64
14803.0,845.55
17624.0,843.48
15164.0,843.0499999999998
12878.0,841.64
14912.0,841.52
14862.0,841.2
17076.0,841.0799999999999
13940.0,839.14
14657.0,838.27
15832.0,836.7899999999998
12728.0,836.3299999999999
17759.0,834.9899999999999
13835.0,834.5700000000002
17929.0,834.5
16644.0,833.7799999999997
15862.0,832.8799999999999
12693.0,830.96
13681.0,827.83
16747.0,826.96
12461.0,826.8800000000001
16494.0,826.5299999999999
17921.0,826.52
16284.0,823.9699999999996
14231.0,822.0600000000001
13893.0,821.1
13220.0,819.29
17764.0,818.8199999999999
17169.0,816.88
16943.0,816.73
16560.0,816.5099999999999
16108.0,816.1
15649.0,816.0
15399.0,815.7700000000001
14499.0,815.3199999999999
13280.0,814.8600000000001
16460.0,814.7199999999999
18064.0,814.0
17075.0,813.77
16600.0,813.5200000000001
16621.0,813.48
14421.0,813.1099999999999
15644.0,812.9999999999998
17980.0,811.45
15525.0,811.0199999999999
16276.0,810.6000000000001
16624.0,810.5699999999999
13637.0,810.4999999999999
16660.0,810.45
16891.0,809.6999999999998
17115.0,806.9000000000002
15952.0,806.5700000000002
13707.0,806.4099999999999
12421.0,806.2700000000001
16869.0,805.6199999999999
16367.0,804.4899999999998
12778.0,804.23
12422.0,803.56
13929.0,802.8499999999999
16164.0,802.53
18265.0,801.5100000000001
16806.0,801.49
17905.0,800.24
13720.0,799.8999999999999
14475.0,799.8200000000002
13030.0,799.4799999999999
17703.0,798.74
16438.0,798.35
13389.0,797.96
12701.0,797.71
13336.0,795.12
15990.0,792.1100000000001
13167.0,791.33
13016.0,789.8899999999999
13323.0,787.85
15806.0,784.5799999999999
15743.0,784.4600000000002
17387.0,784.1100000000001
16054.0,783.8999999999999
18248.0,783.02
17006.0,781.78
17341.0,781.3599999999999
13884.0,781.3000000000001
15679.0,781.2799999999997
13583.0,781.0300000000002
13212.0,780.5799999999997
14644.0,780.46
17797.0,780.4300000000001
17180.0,780.38
12735.0,779.5699999999998
16092.0,779.36
14815.0,778.5
17414.0,778.0
16505.0,777.6
13563.0,777.53
12425.0,777.1999999999999
15353.0,777.02
13341.0,775.8499999999999
14234.0,775.4600000000002
16825.0,775.18
16725.0,775.0699999999996
15414.0,774.8999999999999
16043.0,773.99
15075.0,773.0300000000002
13375.0,772.8999999999997
16759.0,772.84
12965.0,771.9099999999996
17409.0,771.8500000000001
14662.0,771.1700000000003
12628.0,769.61
16480.0,769.2899999999995
18228.0,769.1999999999999
13356.0,768.2400000000001
17516.0,768.0800000000002
13109.0,766.8400000000001
14976.0,765.8600000000001
14550.0,765.6199999999999
14672.0,765.5500000000002
17695.0,765.3399999999999
14885.0,765.3199999999999
12434.0,765.1899999999998
15239.0,764.34
17268.0,763.64
17466.0,763.28
18136.0,761.8299999999999
15599.0,761.74
16205.0,761.3799999999999
14412.0,761.33
15066.0,760.59
17425.0,759.1699999999995
16036.0,758.9200000000001
15568.0,758.29
17461.0,757.4599999999996
16470.0,757.4400000000002
14883.0,756.64
18104.0,754.6400000000002
13730.0,752.6000000000001
17146.0,749.7800000000001
14923.0,749.0999999999998
17411.0,748.94
15074.0,748.8700000000002
15656.0,748.5000000000001
15831.0,747.7600000000001
17114.0,747.22
15618.0,747.031
15533.0,746.9199999999998
16261.0,746.8300000000002
14050.0,746.36
14790.0,745.06
16770.0,744.9000000000001
13354.0,743.5300000000003
12374.0,742.93
13753.0,741.26
13900.0,740.95
17974.0,740.79
15252.0,740.78
13329.0,740.3999999999999
16924.0,739.5000000000001
12603.0,739.1999999999999
14756.0,738.9599999999998
12976.0,738.6
17979.0,737.81
18156.0,734.9399999999998
17034.0,734.57
16146.0,734.13
12465.0,733.8900000000001
17692.0,733.44
16256.0,732.6300000000002
17812.0,732.1599999999999
13575.0,732.0699999999999
16099.0,731.9
16491.0,731.5
14778.0,730.86
18035.0,730.4000000000001
13077.0,729.2700000000001
13950.0,728.56
17666.0,728.16
13236.0,727.27
14055.0,725.6400000000001
12723.0,725.0699999999999
15636.0,724.76
12468.0,724.04
13736.0,723.9999999999999
12475.0,723.38
15561.0,722.74
15584.0,722.6099999999999
17521.0,721.9599999999999
14869.0,721.9499999999999
15272.0,721.9399999999999
13370.0,721.3200000000003
18062.0,720.5200000000001
16023.0,719.8100000000001
14179.0,719.7799999999997
14725.0,718.08
17884.0,717.4499999999999
15274.0,716.5699999999999
12535.0,716.3500000000001
17029.0,716.0
18133.0,715.4999999999999
15330.0,714.96
15757.0,714.42
13169.0,712.8799999999999
13147.0,712.8000000000001
17761.0,712.78
13416.0,712.5
17642.0,712.2900000000001
15855.0,712.24
13705.0,711.86
17179.0,711.79
13249.0,711.4100000000001
17472.0,710.29
14127.0,709.71
16136.0,709.3800000000001
12427.0,708.3700000000001
12781.0,707.72
12453.0,707.0899999999999
16364.0,707.04
17526.0,706.7000000000002
14880.0,706.19
16882.0,705.1199999999999
17934.0,704.25
16140.0,703.77
12883.0,703.47
18082.0,703.3699999999997
15103.0,703.36
16730.0,702.79
15574.0,702.2500000000002
16997.0,702.0
14867.0,701.33
17321.0,700.8599999999999
17734.0,700.63
15800.0,699.0799999999999
13258.0,698.58
17796.0,697.9
15053.0,697.79
13596.0,697.04
17397.0,696.4099999999999
12413.0,694.1500000000001
12925.0,694.05
13601.0,693.3199999999999
17198.0,692.22
17733.0,692.19
13838.0,691.7299999999998
16015.0,690.5400000000002
18085.0,689.95
13023.0,689.9000000000001
18196.0,689.1300000000001
17502.0,689.1000000000001
13799.0,688.8599999999999
14111.0,688.6
14201.0,688.04
16309.0,686.67
12658.0,686.0500000000001
14009.0,685.9299999999998
14959.0,684.9700000000001
16122.0,684.4200000000001
16495.0,684.4099999999999
12942.0,683.8999999999999
14222.0,683.17
12838.0,683.1299999999999
15582.0,682.9100000000001
13548.0,682.4099999999999
18135.0,681.9100000000001
16212.0,681.19
12410.0,681.0799999999999
12478.0,680.9900000000002
13238.0,680.83
15304.0,680.3
15181.0,680.28
13524.0,680.1800000000001
16872.0,680.02
16642.0,679.83
14788.0,679.44
13607.0,678.0099999999996
15669.0,677.69
13040.0,676.99
16377.0,676.2
15626.0,675.8
13325.0,675.3
16418.0,675.27
13355.0,674.7
16449.0,674.6899999999998
13464.0,674.6800000000002
17749.0,674.52
13951.0,674.4499999999999
14504.0,673.26
18121.0,673.1000000000001
13623.0,672.44
14628.0,671.96
17883.0,671.7699999999998
12638.0,671.69
15951.0,669.5699999999999
17299.0,669.1100000000001
14643.0,668.6100000000001
12418.0,668.5799999999997
16383.0,668.3600000000001
15031.0,668.14
18022.0,668.1100000000002
16268.0,667.6499999999999
14356.0,666.94
15400.0,666.7
13741.0,666.33
17777.0,665.8600000000001
17105.0,665.78
15038.0,665.5899999999999
16056.0,664.85
13963.0,664.54
16208.0,664.26
15700.0,664.0299999999996
14720.0,663.81
13240.0,663.6499999999999
17423.0,663.6300000000001
14198.0,663.4999999999999
17462.0,662.94
14451.0,662.5899999999999
14603.0,660.0
13028.0,659.68
15492.0,659.4599999999999
13518.0,659.4399999999998
13759.0,659.41
16357.0,658.8799999999999
14150.0,658.6400000000001
17874.0,658.2600000000001
16696.0,657.9
14818.0,657.8
17459.0,657.3
12616.0,657.25
15677.0,657.23
13049.0,656.6800000000001
16708.0,656.6300000000001
15197.0,656.4399999999999
16127.0,656.2500000000001
14894.0,655.7499999999999
16774.0,654.92
14651.0,654.5999999999999
17398.0,653.3800000000001
18151.0,653.3499999999999
16014.0,653.1299999999999
14044.0,652.82
14548.0,652.8
17523.0,652.74
16362.0,652.0699999999998
16734.0,650.51
16469.0,650.4300000000001
15571.0,650.4300000000001
16969.0,650.4099999999999
15098.0,649.5
15205.0,648.8299999999999
13430.0,648.6899999999999
16573.0,648.4099999999999
13564.0,647.7400000000006
15643.0,647.4000000000001
17373.0,646.92
12589.0,646.68
15651.0,646.3
17545.0,645.9599999999999
14855.0,645.6500000000001
14829.0,644.6500000000001
17312.0,644.3
16157.0,644.24
14126.0,643.6300000000001
12612.0,643.5900000000001
16431.0,642.81
14020.0,642.8
13034.0,642.7700000000001
17779.0,642.17
17046.0,642.0199999999999
16554.0,641.5500000000001
12624.0,641.13
13417.0,640.83
13318.0,640.76
12631.0,640.5000000000002
15919.0,639.8899999999999
17515.0,639.02
16444.0,638.77
18160.0,638.0600000000002
14754.0,638.05
14664.0,637.8900000000001
14128.0,637.5
14481.0,636.51
15829.0,636.1400000000001
15384.0,635.7599999999998
15773.0,635.6800000000001
16139.0,635.4100000000001
15100.0,635.1
15297.0,635.04
17985.0,634.9499999999999
14000.0,633.71
15045.0,633.66
13892.0,632.97
14220.0,632.4000000000001
14301.0,632.04
13822.0,632.0
14021.0,631.9
15244.0,631.57
17990.0,630.8400000000001
17994.0,629.69
13046.0,629.31
13525.0,628.78
14687.0,628.3799999999999
16022.0,628.2800000000001
13388.0,627.1500000000001
15028.0,627.1299999999999
13546.0,626.99
15402.0,626.77
14036.0,626.6499999999999
18218.0,626.3800000000001
14382.0,626.07
16750.0,623.9300000000001
16718.0,623.7500000000002
13368.0,623.4
15258.0,623.1600000000001
17499.0,622.88
15182.0,622.8500000000001
17867.0,622.75
18217.0,621.75
16915.0,621.68
17640.0,621.6600000000001
13402.0,621.23
16141.0,620.4
12667.0,620.13
14529.0,620.04
13493.0,618.63
16613.0,618.59
12596.0,618.27
13301.0,618.0899999999999
14593.0,617.99
13496.0,617.9300000000001
14377.0,617.05
16442.0,616.79
13925.0,616.6499999999999
16311.0,616.26
15215.0,615.99
16005.0,615.3899999999999
13145.0,614.77
16566.0,614.01
13914.0,613.95
15073.0,612.4300000000001
18149.0,612.0799999999999
15232.0,612.0600000000001
15645.0,612.0099999999998
16109.0,611.8799999999999
14152.0,611.0899999999999
13731.0,610.5899999999999
12673.0,610.52
15795.0,610.0100000000001
13357.0,609.9500000000002
14636.0,609.85
15275.0,609.1899999999998
13933.0,608.79
15147.0,608.65
12719.0,608.1
14342.0,607.71
15573.0,607.45
12933.0,606.28
14710.0,606.1299999999999
13539.0,605.8399999999999
17849.0,605.8
13888.0,605.6300000000001
17507.0,605.5799999999999
13233.0,605.12
13558.0,605.06
14675.0,604.7499999999999
17664.0,604.6400000000001
12944.0,604.51
16732.0,603.7499999999998
12649.0,603.71
12556.0,603.7099999999998
16134.0,603.69
12707.0,603.42
17259.0,603.37
15322.0,602.9699999999998
15366.0,602.5100000000001
16306.0,602.2699999999999
17890.0,602.09
12654.0,601.98
14609.0,601.5600000000001
18183.0,600.5200000000002
12420.0,600.3900000000001
18211.0,600.0700000000002
13243.0,600.07
12872.0,599.97
15648.0,599.9
14905.0,599.9
12521.0,599.6800000000001
14965.0,598.9999999999999
17420.0,598.8299999999999
14467.0,598.76
15720.0,598.7300000000001
13311.0,598.57
13959.0,598.2
16298.0,598.2
17864.0,597.5
16788.0,597.4800000000002
14645.0,597.09
15381.0,596.85
18246.0,596.1
12577.0,595.3999999999999
16654.0,594.97
16763.0,594.9000000000001
14108.0,594.1600000000001
15442.0,594.0
12917.0,594.0
16535.0,593.75
17119.0,593.61
16116.0,592.8800000000001
13811.0,591.75
13276.0,590.9300000000001
14133.0,590.34
13270.0,590.0
13452.0,590.0
14882.0,589.7
18123.0,589.4399999999999
16203.0,589.15
16723.0,589.15
15624.0,588.13
17351.0,587.15
12513.0,586.7900000000001
17360.0,585.79
15222.0,585.0
16384.0,584.5
16072.0,584.3199999999999
14023.0,584.07
13557.0,584.06
15762.0,583.75
16838.0,582.9000000000001
15969.0,582.9
12426.0,582.7299999999999
13427.0,582.6
17970.0,582.5899999999999
18232.0,582.47
12695.0,582.1
14692.0,582.0500000000001
15768.0,581.8299999999999
18095.0,580.05
16906.0,579.77
17142.0,579.0
13292.0,578.94
13314.0,578.6600000000003
14284.0,578.45
14410.0,576.3000000000002
16916.0,576.2599999999999
15550.0,575.63
16345.0,575.4100000000001
13487.0,575.4
14167.0,574.84
12784.0,574.42
14323.0,574.2600000000001
15303.0,574.02
14176.0,574.0
15415.0,572.8099999999998
13379.0,572.5600000000001
13405.0,572.451
12816.0,572.2
17616.0,571.2
15821.0,570.96
14592.0,570.4599999999998
17540.0,570.4
16667.0,570.13
12601.0,569.5600000000001
13321.0,567.3599999999999
18150.0,566.5799999999999
12384.0,566.16
17014.0,565.58
14753.0,563.15
17265.0,562.8999999999999
12414.0,562.4100000000001
13946.0,561.5699999999999
13044.0,560.4700000000001
14273.0,559.97
16275.0,559.8699999999999
14400.0,559.7
18043.0,559.51
12866.0,559.1199999999999
17503.0,558.96
13800.0,558.3199999999997
13260.0,557.6200000000001
15339.0,557.57
17955.0,557.3
17295.0,556.9499999999998
13939.0,556.75
16385.0,555.8900000000001
13816.0,555.04
14805.0,554.65
14177.0,554.46
14891.0,554.38
14338.0,554.2199999999999
15068.0,553.36
12879.0,552.57
12363.0,552.0
15315.0,551.54
17674.0,551.0400000000001
17291.0,550.8000000000001
17235.0,550.06
12390.0,549.8399999999999
16340.0,549.0699999999998
16031.0,548.94
15830.0,547.7
16811.0,547.0699999999999
17637.0,547.0599999999998
17520.0,546.8100000000001
12743.0,546.4299999999997
17806.0,546.0399999999998
12793.0,545.48
12987.0,545.0
16475.0,544.3
13617.0,544.1800000000001
13390.0,544.0799999999999
16927.0,543.05
16211.0,542.77
13278.0,542.73
16230.0,542.03
17447.0,541.53
17557.0,541.46
17897.0,541.1
14997.0,540.98
13874.0,540.45
16536.0,539.02
13812.0,539.0
14496.0,538.81
15452.0,538.7299999999999
14618.0,538.59
15539.0,538.46
16278.0,537.8299999999999
17345.0,537.74
14474.0,537.71
14539.0,537.48
16206.0,537.06
15043.0,537.0
16804.0,536.99
12559.0,536.2099999999999
13894.0,535.97
16142.0,535.3400000000001
12988.0,535.32
13000.0,534.85
13385.0,534.5700000000002
17062.0,534.4699999999999
17443.0,534.24
13434.0,534.24
15756.0,532.9600000000002
15825.0,532.94
16706.0,531.3500000000001
14265.0,530.1800000000001
18159.0,530.1500000000002
16933.0,530.08
14002.0,529.73
14463.0,529.62
16185.0,529.41
17631.0,528.33
17623.0,527.05
18252.0,526.6699999999997
17888.0,525.78
17290.0,525.2399999999999
15891.0,524.52
13721.0,524.14
17329.0,523.11
18017.0,523.0
17712.0,522.91
14871.0,522.3800000000001
15149.0,520.8
14873.0,519.68
12571.0,519.61
13643.0,519.44
16650.0,518.4200000000001
15030.0,518.28
16135.0,517.5499999999998
17454.0,517.53
18205.0,517.3599999999999
12811.0,514.85
15246.0,514.15
17513.0,513.2
17805.0,512.31
17429.0,512.12
14034.0,512.0199999999999
15467.0,511.88
12582.0,511.3599999999999
14851.0,511.34999999999997
15655.0,511.31999999999994
16561.0,511.12
16325.0,510.54
12904.0,509.5799999999999
12436.0,509.01000000000005
15417.0,508.8000000000001
17391.0,508.8
14317.0,508.58
17958.0,508.4599999999999
17415.0,507.8399999999999
14158.0,507.66000000000014
14820.0,507.29
15721.0,507.0799999999998
16960.0,507.05000000000007
13885.0,506.8000000000001
17480.0,506.51
16614.0,506.18999999999994
14014.0,505.18000000000006
15469.0,504.50000000000006
12863.0,504.20000000000005
12991.0,503.76
17630.0,503.5999999999999
15006.0,502.08999999999975
13865.0,501.55999999999995
13247.0,501.11999999999995
16616.0,500.4200000000001
15389.0,500.0
14958.0,499.67999999999995
14077.0,499.41999999999996
15193.0,499.32
14681.0,498.95
15142.0,498.74
17298.0,498.4200000000001
16820.0,497.61000000000007
17495.0,497.56000000000006
16368.0,497.42999999999995
16892.0,496.84
15300.0,496.4399999999999
17053.0,496.37999999999994
17374.0,495.77000000000004
15882.0,495.3599999999999
16602.0,494.7299999999999
15448.0,494.64000000000004
16352.0,494.44000000000005
17333.0,494.24999999999994
12763.0,494.08
16955.0,493.66999999999996
13176.0,492.8400000000001
14270.0,492.6499999999999
15507.0,492.35999999999996
16488.0,492.2
13732.0,491.86
14236.0,490.86000000000007
15000.0,490.52
14416.0,490.22
18074.0,489.6
17361.0,488.20000000000005
13984.0,488.03000000000003
14396.0,487.98999999999995
15165.0,487.75
16643.0,487.51
15081.0,487.34999999999997
13675.0,486.82
17453.0,486.71999999999997
13153.0,486.22
12639.0,486.1
17658.0,485.88
15287.0,485.24
13116.0,485.19000000000005
16999.0,484.82
16504.0,484.37999999999977
12809.0,484.36
14130.0,483.85999999999996
13531.0,483.80000000000007
12808.0,483.65
17555.0,483.26
14450.0,483.25
16603.0,482.47
16693.0,482.01
18216.0,481.75
16863.0,481.35
16518.0,480.9200000000001
16812.0,479.3500000000001
16008.0,478.78000000000003
12644.0,477.9100000000001
12479.0,477.30000000000007
15091.0,476.96
15344.0,476.58000000000004
12447.0,476.49
15780.0,475.28
15349.0,473.8099999999999
15557.0,473.65
16859.0,473.14
16374.0,473.02999999999986
14013.0,473.02
17950.0,472.12
17964.0,471.70000000000005
13043.0,471.57000000000005
16885.0,471.51
15963.0,470.76
15471.0,469.47999999999985
15026.0,469.0
13005.0,468.95000000000005
14896.0,468.77
14147.0,468.40000000000003
14335.0,468.26
14029.0,467.65999999999997
13579.0,467.03999999999996
13248.0,465.67999999999995
15036.0,465.54999999999984
17140.0,465.32
13928.0,464.57000000000005
16586.0,463.95
14967.0,463.8
15109.0,463.75
12787.0,463.65999999999997
17418.0,463.46000000000004
14489.0,463.38000000000005
14853.0,463.05
12945.0,462.95000000000005
14331.0,462.65999999999997
14470.0,461.18999999999994
12391.0,460.88999999999993
16824.0,460.64
16805.0,460.5899999999999
12491.0,460.4000000000001
15535.0,459.8999999999999
13092.0,459.83
12355.0,459.4
16589.0,459.23999999999995
17880.0,458.91999999999985
16768.0,458.04
17392.0,457.91
15092.0,457.81000000000006
15121.0,457.72
14497.0,457.4699999999999
13398.0,457.3400000000001
12564.0,456.9000000000001
15589.0,456.58
15018.0,456.26
12999.0,455.87999999999994
15754.0,455.66999999999996
12375.0,455.4200000000001
15585.0,455.30000000000007
16529.0,455.25
15223.0,454.9000000000001
16038.0,454.3299999999999
13485.0,454.24
15475.0,454.10999999999984
17564.0,454.01000000000005
12729.0,453.0100000000001
18071.0,453.0
14184.0,452.89
12591.0,452.84999999999985
13506.0,452.82000000000005
17460.0,452.63
12970.0,452.23999999999995
18158.0,451.7500000000001
16574.0,451.43999999999977
14173.0,450.84
17040.0,449.7299999999999
13489.0,449.52000000000004
12448.0,449.4500000000001
15739.0,449.12000000000006
18176.0,448.65
14780.0,447.6799999999999
15456.0,447.22
15368.0,446.94000000000005
15889.0,446.8699999999999
17370.0,446.17999999999995
18006.0,444.68
16898.0,444.4600000000002
14638.0,443.6
16404.0,443.0500000000001
18222.0,443.0
14093.0,442.8499999999999
16163.0,441.6
15877.0,440.78
17579.0,440.20000000000005
18233.0,440.0
14022.0,440.0
15524.0,440.0
16025.0,439.66
16968.0,439.43000000000006
13358.0,439.03000000000003
14513.0,438.49
15468.0,438.46
15881.0,438.24
14272.0,437.96000000000004
12552.0,437.81999999999994
16034.0,437.70000000000005
12592.0,437.6
15553.0,437.22999999999985
16084.0,436.17999999999995
15551.0,436.05999999999995
16948.0,435.02000000000004
16236.0,432.19999999999993
16881.0,432.0
13338.0,431.82
13359.0,431.25999999999993
15976.0,430.93999999999994
13066.0,430.9000000000001
18106.0,430.6999999999999
13245.0,430.5
12795.0,430.4800000000001
12827.0,430.15
14998.0,429.87
16884.0,429.84
15450.0,429.84
15230.0,429.6
13602.0,428.88999999999993
15957.0,428.88999999999993
16324.0,428.67999999999984
12452.0,428.57000000000005
17869.0,428.18000000000006
15360.0,427.92999999999995
12725.0,427.79999999999995
12740.0,427.5999999999999
15994.0,427.07000000000005
13171.0,426.81
17223.0,426.78999999999996
15930.0,426.63000000000017
15406.0,426.6099999999999
15639.0,425.31999999999994
16780.0,425.18999999999994
15646.0,425.14
17134.0,424.99999999999994
17371.0,423.8899999999999
13140.0,423.72
16119.0,423.36
15012.0,423.0399999999999
18034.0,422.8800000000001
17525.0,422.70000000000005
18240.0,422.58000000000004
16233.0,422.13
17232.0,421.5200000000001
14757.0,420.5
15206.0,420.29999999999995
14124.0,419.58000000000004
15361.0,418.9200000000001
15967.0,418.83000000000004
12593.0,418.1
17701.0,417.95000000000005
15433.0,417.86999999999995
16629.0,417.7299999999999
16737.0,417.59999999999997
13473.0,417.54
12833.0,417.37999999999994
18001.0,417.23
16816.0,417.06000000000006
13889.0,416.9
15935.0,416.8600000000001
12493.0,416.79
16957.0,416.64
15803.0,415.82
14139.0,415.81999999999994
12580.0,415.7
15725.0,415.2500000000001
16795.0,414.88000000000005
12993.0,414.76000000000005
13166.0,414.69999999999993
17483.0,414.04
14288.0,413.85
17052.0,413.75000000000006
13974.0,413.59
16834.0,413.46000000000004
12802.0,412.5799999999999
13827.0,412.05
15523.0,412.00999999999993
16272.0,411.7000000000001
17913.0,411.59999999999997
14670.0,411.5300000000001
15186.0,411.40999999999997
12579.0,410.71999999999997
15099.0,410.48
15695.0,409.9800000000001
12930.0,409.90000000000003
12403.0,409.7
14348.0,409.57
12990.0,409.5
15225.0,409.4000000000001
16243.0,409.0999999999999
16018.0,408.9
15269.0,408.8
16399.0,408.57000000000005
17931.0,408.36
16010.0,407.5
15184.0,406.76
15127.0,406.53000000000003
16947.0,406.48000000000013
14616.0,406.08000000000004
16204.0,405.71000000000004
18036.0,405.62
12922.0,405.38
17379.0,404.66
15938.0,404.58000000000004
16319.0,404.40000000000003
12498.0,403.7
17431.0,403.30000000000007
12386.0,401.90000000000003
15158.0,401.4000000000001
16500.0,400.86
16198.0,400.681
12792.0,400.54
14157.0,400.4300000000001
13615.0,399.9900000000001
15809.0,399.21000000000004
18154.0,399.19
15522.0,398.84000000000003
17830.0,398.70000000000005
12508.0,398.27000000000004
14431.0,397.76
17926.0,397.29
12824.0,397.11999999999995
13594.0,396.96999999999997
13673.0,396.91999999999996
17486.0,396.87000000000006
15883.0,396.4799999999999
18067.0,396.3300000000001
16354.0,395.79999999999995
18164.0,394.70000000000005
16207.0,394.38
15386.0,394.14000000000004
15264.0,393.74000000000007
17226.0,393.48999999999995
14600.0,393.3299999999999
14620.0,393.28
15837.0,391.97999999999996
15342.0,391.75999999999993
16917.0,391.5200000000001
13255.0,390.65999999999997
17614.0,390.0699999999999
14910.0,389.86
17936.0,389.8399999999999
14752.0,389.63999999999993
16250.0,389.44
13352.0,389.2800000000001
15847.0,389.2699999999999
12690.0,389.00999999999993
17595.0,388.78999999999996
15592.0,388.58
13899.0,388.52000000000004
17035.0,388.33000000000004
16776.0,388.2799999999999
14538.0,388.24999999999994
17357.0,388.1399999999999
17817.0,387.67999999999995
17508.0,387.31
14114.0,386.53000000000003
14779.0,386.1499999999999
14420.0,385.87
13821.0,385.63999999999993
17711.0,385.1
13833.0,384.7999999999999
17250.0,384.52000000000004
17189.0,384.4
17205.0,384.08
16982.0,384.06
12733.0,383.95
12515.0,383.7
15440.0,383.68000000000006
14460.0,383.34
15424.0,383.34
12832.0,383.03
13817.0,382.98
18181.0,382.79999999999995
13657.0,382.14
17999.0,382.05999999999995
13873.0,381.70000000000005
15090.0,381.32000000000005
16441.0,381.2
12871.0,380.64
15048.0,380.57000000000005
16930.0,380.5500000000001
17138.0,380.5
12890.0,380.46999999999997
16769.0,380.3899999999999
17031.0,380.35
14731.0,380.02
17239.0,379.95000000000005
14594.0,379.83
16552.0,379.73
13656.0,379.6500000000001
13589.0,379.65
14619.0,379.50999999999993
17878.0,379.45000000000005
16484.0,379.4
15885.0,379.34999999999997
13372.0,378.64
13954.0,378.59000000000003
17438.0,378.30000000000007
17078.0,378.2000000000001
13345.0,377.6000000000001
12982.0,377.2
15025.0,377.01
17489.0,376.64000000000004
14448.0,375.35
14048.0,375.1299999999999
14079.0,375.09999999999997
16147.0,375.0
14067.0,374.70000000000005
17492.0,374.57
12873.0,374.0
13351.0,373.94
13569.0,373.75
16903.0,373.24
16239.0,372.9
17375.0,372.5
12981.0,372.22
16065.0,372.0900000000001
17765.0,371.8800000000001
15472.0,371.56
15975.0,371.01
15063.0,370.79999999999995
16343.0,370.47999999999996
16758.0,369.34
14888.0,369.2
16372.0,367.92999999999984
15345.0,367.69000000000005
17911.0,366.23
17358.0,365.84999999999997
17432.0,365.76
13300.0,365.2900000000001
16202.0,365.27000000000004
15429.0,364.90000000000003
14886.0,364.80000000000007
15949.0,364.71999999999997
12373.0,364.6
15343.0,364.5
14528.0,364.22
16909.0,364.14000000000004
12538.0,363.95
17330.0,363.9
15901.0,363.88000000000005
14171.0,363.78999999999996
16509.0,363.7
12915.0,363.65
18056.0,363.65
16485.0,363.65
15922.0,363.6000000000001
14932.0,363.53
13856.0,363.4
14427.0,363.34000000000003
16378.0,362.94999999999993
17573.0,362.9
16052.0,362.06000000000006
13844.0,361.62
13936.0,361.28
14950.0,361.25
16305.0,361.2199999999999
13291.0,361.10999999999996
15872.0,360.9299999999999
16595.0,360.1600000000003
13780.0,360.01000000000005
13298.0,360.0
15664.0,358.63
14690.0,358.61
17948.0,358.56000000000006
16823.0,358.37999999999994
13228.0,358.0
13976.0,357.9800000000001
16274.0,357.94999999999993
17025.0,357.77
18040.0,357.20000000000005
13453.0,356.97999999999996
14500.0,356.85
15247.0,356.0
12544.0,355.7
14537.0,355.5600000000001
12617.0,355.5300000000002
17742.0,355.11
13642.0,354.7999999999999
17222.0,354.15
12845.0,354.09000000000003
15870.0,354.0899999999999
12715.0,353.85999999999996
17252.0,353.8599999999999
13173.0,353.65
13210.0,353.47999999999996
14804.0,353.2699999999999
17976.0,353.18999999999994
15678.0,352.70000000000005
18112.0,352.69
15334.0,351.6699999999999
14333.0,351.45
15789.0,351.3
13923.0,351.13000000000005
15900.0,351.1099999999999
13332.0,350.9
13740.0,350.75
17835.0,350.64000000000004
17795.0,350.39000000000004
13919.0,350.15999999999997
13108.0,350.05999999999995
12532.0,349.83
13670.0,349.70000000000016
13887.0,349.54999999999995
15405.0,349.1
13927.0,348.99
13790.0,348.79999999999995
18127.0,348.73
12527.0,348.71000000000004
15579.0,348.6
16159.0,348.2000000000001
13052.0,348.15000000000003
14379.0,348.09999999999997
18155.0,347.82
17668.0,347.75
12895.0,347.29999999999995
13587.0,347.0
13062.0,346.98
15713.0,346.75
12566.0,346.70000000000005
13649.0,346.6
16423.0,346.12
16858.0,345.8900000000001
15840.0,345.65999999999997
17123.0,345.29999999999995
13774.0,344.99999999999994
14633.0,344.9000000000001
16978.0,344.33
17569.0,344.13999999999993
13068.0,344.0
15120.0,343.8199999999999
15047.0,343.62
15520.0,343.49999999999994
18081.0,343.45000000000005
12875.0,343.2300000000001
14320.0,343.11000000000007
18250.0,342.92
17201.0,342.63
16851.0,342.45000000000005
16826.0,341.70000000000005
13347.0,341.36
17917.0,341.28
14491.0,340.93
12519.0,340.84
15115.0,340.11000000000007
13737.0,339.59999999999997
17045.0,339.43999999999994
16545.0,339.3
17697.0,338.95000000000005
17839.0,338.80000000000007
16183.0,338.7100000000001
15652.0,337.74
17736.0,337.4899999999999
15942.0,337.43999999999994
13930.0,337.3399999999999
17973.0,337.04
16105.0,336.96
17914.0,336.4299999999999
15619.0,336.40000000000003
17384.0,336.4
14954.0,336.16999999999985
18078.0,336.13
15921.0,336.03000000000003
14196.0,335.52
16063.0,335.32000000000005
17221.0,335.13
12489.0,334.92999999999995
14988.0,334.54
15466.0,334.53000000000014
12350.0,334.40000000000003
15918.0,334.22999999999996
13216.0,333.74
15781.0,333.55999999999995
13727.0,333.48
16625.0,333.08000000000004
13904.0,332.63999999999993
16850.0,332.40999999999997
16803.0,332.29999999999995
16177.0,331.95
16030.0,331.24000000000007
15210.0,331.18
16478.0,331.00000000000006
12891.0,331.0
17862.0,330.9
15714.0,330.88
13706.0,330.78999999999996
14517.0,330.45000000000005
15130.0,330.11
16593.0,330.03
12953.0,329.84999999999997
14716.0,329.68
17615.0,329.6
13239.0,329.56
17154.0,329.34000000000003
15153.0,329.25
14012.0,328.8
16855.0,328.4
16318.0,328.15
15314.0,327.97
14024.0,327.7
16366.0,327.3
14870.0,327.24999999999994
16322.0,326.75
14987.0,326.4
17715.0,326.4
16071.0,326.24000000000007
12844.0,325.96000000000004
16830.0,325.90999999999997
17866.0,325.7
15944.0,325.1
15213.0,325.04999999999995
12790.0,324.9200000000001
13801.0,324.79999999999995
18261.0,324.24
16685.0,324.24
14555.0,324.14000000000004
15675.0,323.69
18276.0,323.3599999999999
17793.0,323.03999999999996
13955.0,322.96000000000004
16627.0,322.8
16342.0,322.40999999999997
14424.0,322.08
14484.0,321.91999999999996
14823.0,321.4299999999999
13497.0,321.05
15236.0,321.05
18117.0,320.71999999999997
12365.0,320.69
16096.0,320.62
14622.0,320.58
13986.0,320.46000000000004
13091.0,319.82
16716.0,319.8000000000001
16674.0,319.61
14264.0,319.47
16499.0,319.1
16967.0,319.0199999999999
17229.0,318.76
17248.0,318.65000000000003
14703.0,318.1699999999999
15363.0,318.05
12648.0,318.05
18066.0,318.0
17267.0,317.61999999999995
16386.0,317.2
15385.0,316.88
15243.0,316.68
16761.0,316.61999999999995
15204.0,316.58000000000004
17458.0,316.49999999999994
13494.0,316.26
14479.0,316.25
15597.0,315.71999999999997
12614.0,315.59999999999997
16091.0,315.06
15766.0,315.05999999999995
16473.0,314.86
17237.0,314.69
16193.0,314.45
12650.0,314.44
14902.0,314.11000000000007
15970.0,314.1
13484.0,313.79999999999995
12888.0,313.77
16582.0,313.61999999999995
14729.0,313.48999999999995
15880.0,313.28
17172.0,313.26
13845.0,312.98
15318.0,312.62
16739.0,312.55000000000007
12834.0,312.38
17362.0,312.23
17070.0,312.13999999999993
16450.0,311.92
14142.0,311.81000000000006
15326.0,311.71
14951.0,311.69000000000005
14327.0,311.65000000000003
13990.0,311.3
17854.0,311.26
13897.0,311.15999999999997
17266.0,310.64
15185.0,310.62000000000006
15224.0,310.47999999999996
14924.0,310.05
15101.0,310.03
15661.0,309.79999999999995
15699.0,309.6499999999999
14847.0,309.4
17604.0,309.36
12884.0,309.05000000000007
13787.0,309.04
15010.0,308.94000000000005
13699.0,308.58
17510.0,308.48
16227.0,308.32000000000005
14206.0,308.25999999999993
16123.0,307.78
13529.0,307.76
13395.0,307.72
13060.0,307.53000000000003
17120.0,307.46
13932.0,307.4
13142.0,307.0899999999999
15087.0,306.94
17551.0,306.84
16668.0,306.71999999999997
17334.0,306.6
13718.0,306.55
17157.0,306.55
15659.0,306.45000000000005
17176.0,306.13
15219.0,305.75
12785.0,305.71
16796.0,305.62
16181.0,305.5400000000001
13045.0,305.28
12623.0,305.1
13667.0,305.0199999999998
17941.0,304.56
15163.0,304.47
18185.0,304.25
17732.0,303.97
13343.0,303.93
16400.0,303.93
13083.0,303.75
16689.0,303.26
17433.0,303.16
15060.0,303.0899999999999
16425.0,302.69999999999993
14248.0,302.58
18165.0,302.46000000000004
16104.0,302.36
15308.0,302.27000000000004
15054.0,302.0999999999999
16715.0,301.71999999999997
15667.0,301.32000000000005
15148.0,301.28999999999996
15623.0,301.03
17978.0,300.91999999999996
16430.0,300.85
16479.0,300.83
14762.0,300.52
13304.0,300.4199999999999
15254.0,300.36000000000007
12852.0,299.75
16402.0,299.5999999999999
13863.0,299.56
18215.0,299.34000000000003
17124.0,298.89000000000004
17255.0,298.41
17824.0,298.4
17678.0,298.10999999999996
12881.0,298.0
13466.0,297.95000000000005
18220.0,297.78000000000003
18053.0,297.07000000000005
15857.0,297.0
13708.0,296.87999999999994
14985.0,296.74999999999994
18059.0,296.71000000000004
13441.0,296.64000000000004
13751.0,296.24999999999994
13504.0,295.93
17912.0,295.61000000000007
16781.0,294.65
13573.0,294.4
14747.0,294.3
17506.0,294.28999999999996
15732.0,294.12
17531.0,293.45000000000005
17163.0,293.1
15545.0,292.72
16721.0,292.46999999999997
16956.0,292.34000000000003
13259.0,292.3199999999999
13502.0,292.0
13449.0,291.88
13745.0,291.53999999999996
13544.0,291.4100000000001
14656.0,291.05000000000007
13479.0,291.0
14947.0,290.82
17691.0,290.40000000000003
16526.0,290.35999999999996
17081.0,290.15999999999997
14784.0,289.99
17464.0,289.96000000000004
14339.0,289.91
14953.0,289.82
14162.0,289.36
16125.0,289.35
14549.0,289.2399999999999
17501.0,288.59999999999997
16808.0,288.42
15396.0,288.17999999999995
17977.0,288.14
17760.0,287.59000000000003
16432.0,287.4
16998.0,287.02000000000004
13760.0,286.78999999999996
16555.0,285.89
14660.0,285.73999999999995
17080.0,285.5
16429.0,284.55
13439.0,283.71
17783.0,283.47
17251.0,283.28
17694.0,283.12000000000006
13754.0,282.6
13177.0,282.45
17247.0,282.18999999999994
16557.0,281.85
17403.0,281.62000000000006
16848.0,281.42
16292.0,280.90000000000003
14242.0,280.54999999999995
13606.0,280.53999999999996
16149.0,280.52000000000004
14975.0,279.94
15556.0,279.77
14480.0,279.05
17786.0,278.74
14850.0,278.15
14908.0,277.79999999999995
15279.0,277.40999999999997
17968.0,277.34999999999997
13803.0,277.07000000000005
15355.0,277.05
16883.0,276.73
13272.0,276.56
14508.0,276.41999999999996
12750.0,275.88
16810.0,275.64
16297.0,275.4000000000001
14512.0,275.28
12703.0,274.69999999999993
18190.0,274.51
16313.0,274.15000000000003
16727.0,272.81999999999994
17254.0,272.44000000000005
13085.0,272.38
17498.0,272.21999999999997
14819.0,272.07
13917.0,272.03999999999996
14816.0,271.85
13058.0,271.4
13837.0,271.24
17767.0,271.20000000000005
17496.0,271.04999999999995
17011.0,270.90000000000003
16648.0,270.85999999999996
15774.0,270.8
13533.0,270.79
14520.0,270.6
13242.0,270.4
17094.0,270.19999999999993
15609.0,270.03000000000003
14727.0,268.58
15408.0,267.17999999999995
17550.0,267.15999999999997
15320.0,267.13
17708.0,267.08
15517.0,267.03000000000003
16451.0,266.97
14863.0,266.76
15119.0,266.4
12962.0,266.39000000000004
15019.0,265.9999999999999
17636.0,265.93
14068.0,265.85
17430.0,265.76
14423.0,265.2
13973.0,264.7
18108.0,264.65
15912.0,264.62
14452.0,264.44000000000005
13369.0,263.75000000000006
15894.0,263.54999999999995
12492.0,263.21
16936.0,262.68
17194.0,262.62
16413.0,262.20000000000005
17385.0,261.11000000000007
13189.0,260.68
14053.0,260.25
15014.0,260.16999999999996
15143.0,259.45
14149.0,259.43000000000006
16217.0,259.39000000000004
17125.0,259.34999999999997
13127.0,259.16999999999996
16447.0,259.0099999999998
15577.0,258.8799999999999
14915.0,258.83
14350.0,258.7
13277.0,258.4
13227.0,257.7
14375.0,257.67999999999995
13626.0,257.22999999999996
12430.0,256.4
13806.0,256.38
17896.0,256.32
14761.0,255.89999999999998
15277.0,255.89999999999998
14881.0,255.4
16226.0,255.12
15261.0,254.82000000000002
13121.0,254.7299999999999
12604.0,254.18
14765.0,254.10999999999999
15689.0,254.1
12829.0,253.05
15759.0,253.04000000000002
17860.0,252.79999999999998
15035.0,252.72999999999996
13404.0,252.48999999999998
15346.0,252.42000000000004
18009.0,252.24000000000004
13645.0,252.1
13711.0,252.06000000000003
16836.0,251.87
17155.0,251.7
16976.0,251.51999999999998
16024.0,251.23999999999992
13512.0,251.20999999999998
14764.0,250.55
13207.0,250.26000000000005
16596.0,250.15
17303.0,250.03999999999994
15510.0,250.0
17456.0,249.85999999999999
17190.0,249.74
18005.0,249.72
13061.0,248.61
17111.0,248.60999999999999
18212.0,248.41999999999993
16510.0,248.10000000000002
15097.0,248.07999999999996
13592.0,247.96000000000004
15107.0,247.65999999999997
13349.0,247.31999999999996
14658.0,247.15
17051.0,247.14
15783.0,246.3
17278.0,246.04000000000008
12908.0,246.0
16778.0,245.94
17771.0,245.81
12660.0,245.10000000000002
15118.0,244.8
16601.0,244.79999999999995
16528.0,244.41
17892.0,244.10000000000002
17925.0,244.08
13103.0,243.94
16793.0,243.83999999999997
16048.0,243.69000000000005
13886.0,243.56000000000003
15634.0,243.55
17339.0,243.36
17908.0,243.2799999999999
14647.0,243.21999999999994
16215.0,242.35000000000002
16330.0,242.20999999999998
15776.0,241.62000000000003
14523.0,241.09000000000003
16427.0,241.06
15286.0,240.55
15154.0,240.26999999999995
13565.0,240.22000000000003
17256.0,240.0
17181.0,239.92
15690.0,239.76
13570.0,239.49000000000004
17684.0,239.41
16756.0,239.4
18270.0,238.95
15850.0,238.85000000000008
12561.0,238.85
12718.0,238.25000000000003
17877.0,237.61
15457.0,237.07000000000002
18024.0,236.78000000000003
12732.0,236.2600000000001
16026.0,236.09000000000006
13187.0,236.01999999999995
15598.0,235.68
15462.0,234.60000000000002
14473.0,234.34000000000003
17060.0,234.24
16961.0,234.17
12736.0,234.00000000000003
15483.0,233.81000000000006
13348.0,233.76
16583.0,233.45000000000002
14995.0,233.23000000000002
13678.0,232.60000000000005
18213.0,232.48000000000002
16117.0,232.21
16971.0,232.20999999999987
15257.0,232.14999999999998
15393.0,231.86
16641.0,231.10000000000002
16321.0,230.7
15866.0,230.52999999999994
16445.0,230.51000000000002
13786.0,230.4
16926.0,230.25000000000003
13960.0,230.22
14311.0,229.71000000000004
12812.0,229.63999999999993
13474.0,229.58999999999997
15528.0,229.32999999999993
17347.0,228.96
13146.0,228.91
13712.0,228.83999999999997
13070.0,228.8
17969.0,228.2
16527.0,228.06000000000003
14569.0,227.39
17212.0,226.85
17572.0,226.75
16315.0,226.37
16777.0,226.35000000000002
12672.0,225.9
17789.0,225.9
14624.0,225.84999999999997
14357.0,225.77000000000012
12402.0,225.6
14052.0,225.35999999999993
16587.0,225.14999999999995
17171.0,224.90999999999997
15175.0,224.14000000000007
16471.0,223.95
16753.0,223.92
14929.0,223.88
13926.0,223.85000000000002
18101.0,223.64999999999998
17534.0,223.36
15637.0,223.36
13382.0,222.99
15897.0,222.05
14598.0,221.97000000000003
14960.0,221.27000000000004
16392.0,221.19000000000005
13419.0,221.05999999999995
15790.0,220.84999999999997
18030.0,220.7
16482.0,220.61999999999998
13079.0,220.10000000000002
18114.0,220.1
13600.0,219.51999999999998
15096.0,219.39
16895.0,219.13999999999996
12702.0,219.0
14205.0,218.78
13669.0,218.54999999999998
17619.0,218.52000000000004
13428.0,218.46999999999994
12574.0,218.45000000000002
14570.0,218.05999999999992
16634.0,217.9
15554.0,217.2
13739.0,216.9
13503.0,216.84999999999997
15460.0,216.76
12897.0,216.5
15604.0,216.39000000000001
17436.0,216.29999999999998
14104.0,216.20999999999998
13858.0,216.16999999999996
16179.0,215.83
15052.0,215.78
17580.0,215.72000000000003
14476.0,215.7
16189.0,215.48
16519.0,215.08
16190.0,215.08
12831.0,215.05
12588.0,214.9
16338.0,214.80000000000004
16411.0,214.65
16846.0,214.32000000000002
14793.0,214.14000000000001
16647.0,214.06
14601.0,213.96000000000004
13621.0,213.85
17153.0,213.77999999999997
14241.0,213.70000000000002
13411.0,213.55000000000004
16591.0,213.5
15540.0,213.30000000000004
14984.0,213.27
16897.0,213.03000000000014
18193.0,212.96000000000006
16302.0,212.82
17928.0,212.54000000000002
15724.0,212.3
16017.0,211.87999999999994
15703.0,211.5
16415.0,210.34999999999985
16356.0,210.32000000000002
13532.0,210.30999999999983
13828.0,209.49000000000004
17855.0,208.96999999999997
15327.0,208.75000000000003
17514.0,208.65
16690.0,208.63000000000002
16914.0,208.45999999999995
16457.0,208.36
12547.0,207.8
18191.0,207.79999999999998
16866.0,207.74
17923.0,207.50000000000003
16323.0,207.50000000000003
16752.0,207.5
13099.0,207.35999999999999
15925.0,207.15
15820.0,206.98000000000002
18126.0,206.83000000000007
14964.0,206.21
18110.0,206.05
13065.0,205.85999999999999
17670.0,205.7
17843.0,205.48000000000002
15307.0,205.3
15758.0,205.25
13513.0,205.09999999999997
15319.0,204.5
16619.0,204.41
17206.0,204.24
18273.0,204.0
13017.0,204.0
17187.0,203.95
17889.0,203.87
17394.0,203.86999999999995
17891.0,203.85999999999993
17376.0,203.2
15723.0,203.1
14381.0,202.6800000000001
18169.0,202.65000000000003
14385.0,202.11
15347.0,201.59999999999997
16965.0,201.19
13859.0,201.16
12995.0,200.72
13262.0,200.29000000000002
15437.0,200.16000000000003
13980.0,200.14000000000001
14782.0,200.10000000000002
13723.0,199.85000000000002
15593.0,199.8
13322.0,199.48
17383.0,199.29000000000002
16832.0,199.15
17987.0,198.57
13295.0,197.95
16178.0,197.90000000000003
12450.0,197.88
12581.0,197.70999999999998
14185.0,197.65
14789.0,197.64000000000001
17301.0,197.6300000000001
16829.0,197.22
14830.0,197.13
14304.0,197.10000000000002
15234.0,197.0
13436.0,196.88999999999996
13978.0,196.79
13284.0,196.15
17660.0,196.0
16112.0,195.74
13792.0,195.55
14666.0,195.24999999999997
15612.0,195.15
14100.0,194.9
16887.0,194.88
17475.0,194.36999999999995
12797.0,194.18
15683.0,193.75
15198.0,193.64
17343.0,193.63999999999996
16847.0,193.44
17608.0,193.42000000000007
14806.0,193.39000000000004
14801.0,193.1399999999999
13568.0,192.85000000000005
12522.0,192.72000000000003
12791.0,192.60000000000002
15909.0,191.93999999999997
14966.0,191.3199999999999
17988.0,191.17000000000002
15692.0,191.04000000000002
17233.0,190.88
13033.0,190.54999999999998
15412.0,190.53000000000003
14501.0,190.31
13972.0,190.25000000000003
17885.0,190.18999999999997
12361.0,189.89999999999998
17166.0,189.48999999999998
13663.0,189.47
18045.0,189.39999999999995
16448.0,188.89
14697.0,188.60999999999996
12893.0,188.14
17781.0,188.01999999999998
14722.0,187.91999999999996
17279.0,187.82999999999998
16900.0,187.69000000000034
18013.0,187.29000000000005
16124.0,187.15000000000003
17693.0,187.02
14551.0,186.23000000000002
15567.0,186.01000000000002
12641.0,185.9
17574.0,185.64999999999998
17010.0,185.46
14199.0,185.39999999999998
16097.0,185.05
13482.0,184.64
17680.0,184.39999999999998
16433.0,184.26000000000002
15124.0,184.19
16680.0,183.70000000000002
14059.0,183.59999999999997
13460.0,183.44
13059.0,183.4
15746.0,182.95999999999998
17772.0,182.76999999999998
14082.0,182.24999999999997
14087.0,181.66999999999996
18119.0,181.11999999999998
15886.0,181.09
16594.0,181.08999999999997
15945.0,181.0
15292.0,180.93999999999997
16835.0,180.85
18280.0,180.6
13710.0,180.48000000000002
15041.0,180.35000000000002
12622.0,180.09999999999997
12586.0,179.94
18147.0,179.34
15895.0,179.17
15454.0,179.10000000000002
16990.0,179.0
14705.0,179.0
15139.0,178.96000000000004
16620.0,178.96
15262.0,178.95000000000002
17904.0,178.91999999999993
13778.0,178.7
17879.0,178.51999999999998
13008.0,178.47000000000003
17253.0,178.26
13271.0,178.25999999999988
17356.0,178.21999999999997
13618.0,177.34000000000003
12618.0,177.31
13072.0,177.14999999999998
17440.0,177.1
12923.0,176.97
17947.0,176.68
16080.0,176.60000000000002
18282.0,176.6
12509.0,176.5
17582.0,175.27
16144.0,175.2
17331.0,175.2
18010.0,174.79999999999998
13826.0,174.65
14355.0,174.4
13560.0,174.37000000000003
14518.0,174.37
15335.0,173.97000000000003
18278.0,173.89999999999998
14798.0,173.74
16565.0,173.7
12441.0,173.55
15565.0,173.16000000000003
15670.0,173.05
14693.0,172.9
18048.0,172.29000000000002
13690.0,172.25
13922.0,172.24999999999997
12442.0,172.06
14536.0,171.8
16773.0,171.59
17245.0,171.45
15432.0,171.19
17542.0,170.75
18058.0,170.16
15016.0,170.04
16921.0,169.79000000000005
13962.0,169.55
14218.0,169.48000000000002
18004.0,169.46999999999997
12367.0,168.9
14578.0,168.63
14860.0,168.62000000000003
17367.0,168.4
18099.0,168.31000000000003
16282.0,168.3
17737.0,168.24
15986.0,168.12
12551.0,168.0
15374.0,168.0
18088.0,167.66999999999996
17561.0,167.61999999999998
16952.0,167.61
15920.0,167.49999999999997
13598.0,167.4200000000001
16405.0,167.25
14326.0,166.85
18014.0,166.42000000000002
17650.0,166.07999999999998
12817.0,166.04
14485.0,165.75000000000003
14552.0,165.07000000000005
18042.0,165.04999999999998
15316.0,165.0
13470.0,165.0
15904.0,164.67999999999998
17535.0,164.39999999999998
13603.0,164.34
12920.0,164.23000000000002
18200.0,163.8
14354.0,163.62
17110.0,163.29999999999998
13223.0,163.20000000000002
16406.0,163.07
15167.0,162.99999999999997
16517.0,162.70000000000005
15733.0,162.3
15325.0,162.2899999999999
16932.0,161.94
17600.0,161.67000000000002
15458.0,161.64
16113.0,161.38000000000002
14362.0,161.20000000000002
16403.0,161.04999999999998
14204.0,161.02999999999997
14237.0,161.00000000000003
14089.0,161.0
13229.0,160.95
15852.0,160.71
17344.0,160.56999999999994
12573.0,160.54
18203.0,160.42000000000002
18146.0,160.35000000000002
14714.0,160.19
12966.0,160.18
16213.0,159.0
18224.0,158.95000000000002
13937.0,158.85
17165.0,158.68
15160.0,158.16000000000003
15348.0,158.03999999999996
15988.0,158.03000000000003
17556.0,157.9
14799.0,157.7
14148.0,157.2
17128.0,157.09
14585.0,157.05
17118.0,157.02
15007.0,156.91000000000003
14406.0,156.75
15438.0,156.57999999999998
15263.0,156.50999999999996
13898.0,155.93
17871.0,155.89999999999998
17899.0,155.79999999999998
14813.0,155.42999999999998
17832.0,155.3700000000001
12738.0,155.35
16720.0,155.23999999999998
15447.0,155.17
13809.0,155.05
14368.0,155.00000000000003
14046.0,154.98999999999998
17698.0,154.95000000000002
15740.0,154.88000000000002
17026.0,154.82999999999998
14295.0,154.7
15226.0,154.41
17517.0,153.94
17286.0,153.92000000000004
16351.0,153.9
12602.0,153.12000000000003
17714.0,153.0
16248.0,152.94
17984.0,152.68000000000006
18138.0,152.65
14066.0,152.55
17707.0,152.4
13514.0,152.20000000000002
14039.0,152.2
17898.0,152.05999999999997
16617.0,151.85000000000002
16412.0,151.83
14208.0,151.73999999999998
16861.0,151.65
16461.0,151.42
13697.0,151.3
14287.0,151.23
16337.0,151.05
15717.0,150.3
17234.0,149.89
15869.0,149.64
17946.0,149.57999999999998
18262.0,149.48
15748.0,149.30999999999995
15435.0,149.29000000000005
13003.0,149.05
17549.0,148.85999999999999
15526.0,148.44
17859.0,148.21
14968.0,147.59
14098.0,147.34999999999997
14037.0,147.20000000000005
12864.0,147.12
15503.0,147.09000000000003
17030.0,146.87
14238.0,146.85
16893.0,145.93000000000004
17935.0,145.79
13866.0,145.67
15937.0,145.35
17524.0,145.0
16852.0,144.91000000000003
12974.0,144.8
17186.0,144.0
12587.0,144.0
13462.0,143.25
15705.0,143.10000000000002
13299.0,142.5
16287.0,142.5
13584.0,142.40000000000003
14386.0,142.4
13561.0,141.86
14041.0,141.41
15888.0,141.26999999999998
16598.0,140.70000000000002
15388.0,140.54
13420.0,140.35
13483.0,140.34000000000003
14494.0,139.56
14073.0,139.54
14768.0,139.50000000000003
16483.0,139.35000000000002
17718.0,139.35
14772.0,139.26
18209.0,139.10000000000002
13273.0,138.97999999999996
18269.0,138.89999999999998
12902.0,138.68
14581.0,138.6
17122.0,138.32
13716.0,138.28
15663.0,138.14000000000001
12512.0,138.03000000000006
16050.0,137.9
17709.0,137.45
17468.0,137.0
15691.0,136.8
14247.0,136.77
17972.0,136.04
12968.0,135.95
15042.0,135.93
14889.0,135.9
15419.0,135.86
16114.0,135.75000000000003
15174.0,135.75
16665.0,135.4
15276.0,135.31000000000003
12851.0,135.17999999999995
16055.0,134.8
14340.0,134.7
15562.0,134.55
14174.0,134.46
14586.0,134.15999999999997
12837.0,134.1
14280.0,134.04
13217.0,133.62000000000003
14349.0,133.50000000000006
12445.0,133.4
17881.0,133.35000000000002
15709.0,133.25
17647.0,133.06
17785.0,131.94000000000003
14438.0,131.9
17297.0,131.78000000000006
17455.0,131.7
14795.0,131.45
12565.0,131.17
15844.0,130.74
16679.0,129.75
16623.0,129.45
14483.0,129.20000000000002
16828.0,128.5
15543.0,127.85999999999999
17359.0,127.85999999999999
13781.0,127.84000000000002
15135.0,127.14999999999998
15578.0,127.1
15923.0,127.08000000000003
14962.0,126.70000000000002
13279.0,126.3
16414.0,126.25
15463.0,126.14
16988.0,126.12
12814.0,125.92
13522.0,125.80000000000001
14861.0,125.79000000000002
14890.0,125.65
15017.0,125.58000000000003
12531.0,125.22
17148.0,124.88
17578.0,124.73999999999998
16849.0,124.57
16569.0,124.2
14495.0,123.8
16658.0,123.24
15917.0,123.10000000000001
17967.0,123.07000000000002
14413.0,122.7
13876.0,122.69999999999999
13638.0,122.64000000000001
14165.0,122.53999999999999
14076.0,122.46999999999997
18018.0,122.13999999999999
13244.0,121.74000000000001
13182.0,121.17999999999999
15049.0,121.17000000000002
15512.0,121.0
16611.0,120.99000000000001
13002.0,120.94999999999999
17446.0,120.9
18015.0,120.03
14314.0,120.0
14259.0,120.0
14453.0,119.93000000000002
16542.0,119.62
15266.0,119.30000000000001
16666.0,118.98
15843.0,118.95
17079.0,118.80000000000001
14155.0,118.75
13581.0,117.99999999999999
13193.0,117.88000000000001
17654.0,117.54999999999998
15836.0,117.47
16959.0,117.35000000000001
13877.0,117.24000000000001
17117.0,116.19999999999997
13170.0,116.01000000000002
17601.0,116.01
14143.0,115.8
15350.0,115.65
13067.0,115.46000000000002
18027.0,115.30999999999999
14972.0,114.77000000000002
13188.0,114.60000000000001
16247.0,114.56
14632.0,114.55999999999999
14974.0,114.39
17852.0,114.34
17219.0,114.23
14652.0,114.18000000000002
12938.0,114.14
14582.0,114.11
15221.0,114.10000000000001
12651.0,114.00000000000003
12504.0,114.00000000000003
14457.0,113.64
15445.0,113.5
17217.0,113.5
18105.0,113.48000000000002
16913.0,113.44000000000001
15280.0,113.12
14689.0,112.80000000000001
16697.0,112.75000000000001
13161.0,112.75
13807.0,112.6
18129.0,112.55
15610.0,112.46
17038.0,112.40000000000003
14271.0,112.32000000000002
17893.0,112.25000000000004
12756.0,112.08000000000001
17274.0,111.98000000000002
17957.0,111.67999999999998
17887.0,111.35
18120.0,111.14999999999999
13508.0,110.97
13144.0,110.94999999999999
15537.0,110.92000000000003
15853.0,110.80000000000001
13519.0,110.8
17349.0,110.75
16963.0,110.55000000000001
14641.0,110.46
12734.0,110.39999999999999
16792.0,110.38000000000001
17901.0,110.38000000000001
17836.0,110.21
16339.0,109.95000000000002
13133.0,109.8
16363.0,109.36000000000001
14699.0,109.12999999999998
14345.0,108.97999999999999
17639.0,108.5
16106.0,108.38
13226.0,108.21000000000001
12956.0,108.07
14661.0,107.95
16784.0,107.6
15395.0,107.45000000000002
16757.0,106.83
15168.0,106.56
15070.0,106.2
17791.0,106.1
12929.0,105.10000000000001
15775.0,104.9
14027.0,104.82000000000002
15607.0,104.76
15958.0,104.35
18174.0,104.0
18255.0,103.3
14542.0,103.25000000000001
17962.0,102.82999999999998
18011.0,102.79
14836.0,102.44999999999999
14981.0,102.11999999999998
16462.0,102.0
13948.0,101.99999999999999
16516.0,101.7
18068.0,101.69999999999999
17643.0,101.55000000000001
16006.0,101.39999999999999
18086.0,101.33999999999999
13101.0,101.18999999999998
13235.0,101.16999999999973
16344.0,101.10000000000001
14946.0,100.9
17427.0,100.8
14371.0,100.5
15973.0,99.77
13703.0,99.5
17939.0,99.14000000000003
17746.0,98.80000000000001
15256.0,98.45
17538.0,98.42000000000002
17895.0,97.99999999999997
18033.0,97.97000000000004
15422.0,97.7
18277.0,97.63
12984.0,97.5
17325.0,96.8
15216.0,96.6
14642.0,96.12
17024.0,95.85
18249.0,95.34
12548.0,95.19999999999999
16387.0,94.36
16073.0,94.35
13651.0,94.2
15397.0,94.0
15428.0,93.78
18227.0,93.75
13283.0,93.66
17991.0,93.35
12821.0,92.72
14054.0,92.46
12789.0,91.85000000000001
13551.0,91.80000000000001
13160.0,91.8
12659.0,91.68
15488.0,91.32000000000001
14353.0,90.6
13947.0,90.6
16506.0,90.30000000000001
15552.0,90.12
16597.0,90.04000000000002
14117.0,90.0
14219.0,89.94
12686.0,89.14
14436.0,89.06
12353.0,89.0
15212.0,88.94999999999997
15083.0,88.19999999999999
18084.0,87.52999999999999
15180.0,87.5
13296.0,87.4
16498.0,86.12
15541.0,85.13000000000002
13841.0,85.0
13666.0,84.65
12401.0,84.3
17309.0,82.75
16424.0,82.56
13006.0,81.57
17620.0,81.44
18281.0,80.82
16789.0,80.8
13967.0,80.7
17752.0,80.64
14109.0,80.19999999999999
13747.0,79.6
15753.0,79.2
16078.0,79.2
17942.0,77.50000000000001
14785.0,77.4
13132.0,77.3
13992.0,76.8
14373.0,76.55
17536.0,76.5
18113.0,76.32000000000001
14090.0,76.32000000000001
16148.0,76.32000000000001
15668.0,76.32000000000001
17995.0,76.1
17628.0,75.75000000000001
16610.0,75.66
13403.0,75.0
16468.0,74.9
18050.0,74.4
13095.0,74.4
17960.0,73.78
12506.0,73.50000000000003
18032.0,73.5
16171.0,73.2
17906.0,72.9
13686.0,72.0
13938.0,71.66
13185.0,71.4
17022.0,71.0
16581.0,70.44
18037.0,70.02
15863.0,68.84
14393.0,67.94999999999999
17382.0,65.4
17747.0,64.65
13684.0,64.23000000000002
13130.0,64.0
13302.0,63.75
17263.0,63.440000000000005
14840.0,62.85
13218.0,62.64
15516.0,62.43
15729.0,62.0
12665.0,61.75
13194.0,60.7
17174.0,59.9
13391.0,59.8
13682.0,59.5
13106.0,59.5
14957.0,58.49000000000001
13080.0,58.08
17775.0,56.4
15899.0,56.25
13366.0,56.160000000000004
14760.0,53.8
16349.0,53.5
15504.0,52.83000000000001
14865.0,52.2
14682.0,52.0
15313.0,52.0
17844.0,51.56
14351.0,51.0
13011.0,50.550000000000004
18184.0,49.8
14821.0,48.800000000000004
15603.0,48.480000000000004
16257.0,46.95
14080.0,45.599999999999994
15423.0,43.5
14300.0,43.2
15992.0,41.989999999999995
13832.0,40.949999999999996
15178.0,40.5
14589.0,39.75
12977.0,39.24
16659.0,39.12
18019.0,38.45
12855.0,38.1
16162.0,37.4
17816.0,36.559999999999995
14576.0,35.400000000000006
17831.0,35.400000000000006
16856.0,35.400000000000006
15744.0,34.8
16765.0,34.0
17408.0,32.65
15940.0,31.799999999999997
13120.0,30.599999999999998
15657.0,30.0
17102.0,25.5
17986.0,20.8
16953.0,20.8
16093.0,17.0
17763.0,15.0
17900.0,15.0
13307.0,15.0
17956.0,12.75
16738.0,3.75
16446.0,2.9
12607.0,3.339550858072471E-13
13762.0,5.684341886080802E-14
12558.0,2.6645352591003757E-14
13364.0,2.1316282072803006E-14
18274.0,1.2434497875801753E-14
12346.0,0.0
18072.0,0.0
18268.0,0.0
16878.0,0.0
14557.0,0.0
14792.0,0.0
16742.0,0.0
13256.0,0.0
12454.0,-5.684341886080802E-14
16995.0,-1.25
14679.0,-2.55
16428.0,-2.95
12943.0,-3.75
12505.0,-4.5
12605.0,-7.5
16138.0,-7.95
16454.0,-8.15
17547.0,-11.8
12870.0,-14.899999999999999
14777.0,-17.45
14119.0,-19.9
14627.0,-21.849999999999998
17820.0,-24.05
16061.0,-29.95
15590.0,-30.19
16579.0,-30.599999999999998
16262.0,-31.65
13693.0,-32.0
18141.0,-35.400000000000006
14437.0,-43.400000000000006
18256.0,-50.1
13672.0,-71.45999999999998
15638.0,-94.0
16546.0,-95.92999999999995
13829.0,-102.0
13958.0,-102.45
17065.0,-112.35
15728.0,-134.8
17548.0,-141.48000000000002
17307.0,-152.64000000000001
12666.0,-227.44
16252.0,-295.09000000000003
15802.0,-451.42
13154.0,-611.86
15823.0,-840.7600000000001
12503.0,-1126.0
17603.0,-1165.3
14213.0,-1192.2000000000003
15369.0,-1592.49
17448.0,-4287.63
